id,fecha,hora,presion_hpa,variacion_hpa,tendencia
1,2026-04-19,00:15:00,768.6,,Estable
2,2026-04-19,00:30:00,768.6,0.0,Estable
3,2026-04-19,00:45:00,768.6,0.0,Estable
4,2026-04-19,01:00:00,768.6,0.0,Estable
5,2026-04-19,01:15:00,768.5,-0.1,Descendente
6,2026-04-19,01:30:00,768.5,0.0,Estable
7,2026-04-19,01:45:00,768.7,0.2,Creciente
8,2026-04-19,02:00:00,768.7,0.0,Estable
9,2026-04-19,02:15:00,768.9,0.2,Creciente
10,2026-04-19,02:30:00,769.0,0.1,Creciente
11,2026-04-19,02:45:00,769.1,0.1,Creciente
12,2026-04-19,03:00:00,769.1,0.0,Estable
13,2026-04-19,03:15:00,769.2,0.1,Creciente
14,2026-04-19,03:30:00,769.2,0.0,Estable
15,2026-04-19,03:45:00,769.3,0.1,Creciente
16,2026-04-19,04:00:00,769.4,0.1,Creciente
17,2026-04-19,04:15:00,769.5,0.1,Creciente
18,2026-04-19,04:30:00,769.5,0.0,Estable
19,2026-04-19,04:45:00,769.5,0.0,Estable
20,2026-04-19,05:00:00,769.4,-0.1,Descendente
21,2026-04-19,05:15:00,769.4,0.0,Estable
22,2026-04-19,05:30:00,769.5,0.1,Creciente
23,2026-04-19,05:45:00,769.5,0.0,Estable
24,2026-04-19,06:00:00,769.7,0.2,Creciente
25,2026-04-19,06:15:00,769.8,0.1,Creciente
26,2026-04-19,06:30:00,770.0,0.2,Creciente
27,2026-04-19,06:45:00,770.0,0.0,Estable
28,2026-04-19,07:00:00,770.0,0.0,Estable
29,2026-04-19,07:15:00,770.2,0.2,Creciente
30,2026-04-19,07:30:00,770.4,0.2,Creciente
31,2026-04-19,07:45:00,770.5,0.1,Creciente
32,2026-04-19,08:00:00,770.6,0.1,Creciente
33,2026-04-19,08:15:00,770.7,0.1,Creciente
34,2026-04-19,08:30:00,770.8,0.1,Creciente
35,2026-04-19,08:45:00,770.7,-0.1,Descendente
36,2026-04-19,09:00:00,770.8,0.1,Creciente
37,2026-04-19,09:15:00,771.0,0.2,Creciente
38,2026-04-19,09:30:00,771.0,0.0,Estable
39,2026-04-19,09:45:00,771.0,0.0,Estable
40,2026-04-19,10:00:00,770.9,-0.1,Descendente
41,2026-04-19,10:15:00,771.0,0.1,Creciente
42,2026-04-19,10:30:00,771.0,0.0,Estable
43,2026-04-19,10:45:00,770.9,-0.1,Descendente
44,2026-04-19,11:00:00,770.8,-0.1,Descendente
45,2026-04-19,11:15:00,770.7,-0.1,Descendente
46,2026-04-19,11:30:00,770.5,-0.2,Descendente
47,2026-04-19,11:45:00,770.3,-0.2,Descendente
48,2026-04-19,12:00:00,770.1,-0.2,Descendente
49,2026-04-19,12:15:00,769.9,-0.2,Descendente
50,2026-04-19,12:30:00,769.7,-0.2,Descendente
51,2026-04-19,12:45:00,769.6,-0.1,Descendente
52,2026-04-19,13:00:00,769.4,-0.2,Descendente
53,2026-04-19,13:15:00,769.2,-0.2,Descendente
54,2026-04-19,13:30:00,769.1,-0.1,Descendente
55,2026-04-19,13:45:00,768.9,-0.2,Descendente
56,2026-04-19,14:00:00,768.6,-0.3,Descendente
57,2026-04-19,14:15:00,768.5,-0.1,Descendente
58,2026-04-19,14:30:00,768.4,-0.1,Descendente
59,2026-04-19,14:45:00,768.2,-0.2,Descendente
60,2026-04-19,15:00:00,767.9,-0.3,Descendente
61,2026-04-19,15:15:00,767.9,0.0,Estable
62,2026-04-19,15:30:00,767.8,-0.1,Descendente
63,2026-04-19,15:45:00,767.6,-0.2,Descendente
64,2026-04-19,16:00:00,767.4,-0.2,Descendente
65,2026-04-19,16:15:00,767.3,-0.1,Descendente
66,2026-04-19,16:30:00,767.2,-0.1,Descendente
67,2026-04-19,16:45:00,767.2,0.0,Estable
68,2026-04-19,17:00:00,767.2,0.0,Estable
69,2026-04-19,17:15:00,767.2,0.0,Estable
70,2026-04-19,17:30:00,767.2,0.0,Estable
71,2026-04-19,17:45:00,767.2,0.0,Estable
72,2026-04-19,18:00:00,767.3,0.1,Creciente
73,2026-04-19,18:15:00,767.4,0.1,Creciente
74,2026-04-19,18:30:00,767.5,0.1,Creciente
75,2026-04-19,18:45:00,767.6,0.1,Creciente
76,2026-04-19,19:00:00,767.9,0.3,Creciente
77,2026-04-19,19:15:00,768.2,0.3,Creciente
78,2026-04-19,19:30:00,768.3,0.1,Creciente
79,2026-04-19,19:45:00,768.6,0.3,Creciente
80,2026-04-19,20:00:00,768.8,0.2,Creciente
81,2026-04-19,20:15:00,768.9,0.1,Creciente
82,2026-04-19,20:30:00,769.2,0.3,Creciente
83,2026-04-19,20:45:00,769.5,0.3,Creciente
84,2026-04-19,21:00:00,769.7,0.2,Creciente
85,2026-04-19,21:15:00,769.7,0.0,Estable
86,2026-04-19,21:30:00,769.7,0.0,Estable
87,2026-04-19,21:45:00,769.9,0.2,Creciente
88,2026-04-19,22:00:00,770.0,0.1,Creciente
89,2026-04-19,22:15:00,770.2,0.2,Creciente
90,2026-04-19,22:30:00,770.3,0.1,Creciente
91,2026-04-19,22:45:00,770.5,0.2,Creciente
92,2026-04-19,23:00:00,770.6,0.1,Creciente
93,2026-04-19,23:15:00,770.6,0.0,Estable
94,2026-04-19,23:30:00,770.6,0.0,Estable
95,2026-04-19,23:45:00,770.7,0.1,Creciente
96,2026-04-20,00:15:00,770.5,-0.2,Descendente
97,2026-04-20,00:30:00,770.6,0.1,Creciente
98,2026-04-20,00:45:00,770.6,0.0,Estable
99,2026-04-20,01:00:00,770.6,0.0,Estable
100,2026-04-20,01:15:00,770.6,0.0,Estable
101,2026-04-20,01:30:00,770.6,0.0,Estable
102,2026-04-20,01:45:00,770.6,0.0,Estable
103,2026-04-20,02:00:00,770.6,0.0,Estable
104,2026-04-20,02:15:00,770.5,-0.1,Descendente
105,2026-04-20,02:30:00,770.4,-0.1,Descendente
106,2026-04-20,02:45:00,770.3,-0.1,Descendente
107,2026-04-20,03:00:00,770.2,-0.1,Descendente
108,2026-04-20,03:15:00,770.1,-0.1,Descendente
109,2026-04-20,03:30:00,770.0,-0.1,Descendente
110,2026-04-20,03:45:00,769.9,-0.1,Descendente
111,2026-04-20,04:00:00,770.0,0.1,Creciente
112,2026-04-20,04:15:00,769.8,-0.2,Descendente
113,2026-04-20,04:30:00,769.8,0.0,Estable
114,2026-04-20,04:45:00,769.7,-0.1,Descendente
115,2026-04-20,05:00:00,769.9,0.2,Creciente
116,2026-04-20,05:15:00,770.0,0.1,Creciente
117,2026-04-20,05:30:00,770.0,0.0,Estable
118,2026-04-20,05:45:00,770.3,0.3,Creciente
119,2026-04-20,06:00:00,770.2,-0.1,Descendente
120,2026-04-20,06:15:00,770.4,0.2,Creciente
121,2026-04-20,06:30:00,770.6,0.2,Creciente
122,2026-04-20,06:45:00,770.7,0.1,Creciente
123,2026-04-20,07:00:00,770.8,0.1,Creciente
124,2026-04-20,07:15:00,771.0,0.2,Creciente
125,2026-04-20,07:30:00,771.2,0.2,Creciente
126,2026-04-20,07:45:00,771.4,0.2,Creciente
127,2026-04-20,08:00:00,771.4,0.0,Estable
128,2026-04-20,08:15:00,771.5,0.1,Creciente
129,2026-04-20,08:30:00,771.7,0.2,Creciente
130,2026-04-20,08:45:00,771.8,0.1,Creciente
131,2026-04-20,09:00:00,771.8,0.0,Estable
132,2026-04-20,09:15:00,771.8,0.0,Estable
133,2026-04-20,09:30:00,771.9,0.1,Creciente
134,2026-04-20,09:45:00,771.9,0.0,Estable
135,2026-04-20,10:00:00,771.9,0.0,Estable
136,2026-04-20,10:15:00,771.8,-0.1,Descendente
137,2026-04-20,10:30:00,771.7,-0.1,Descendente
138,2026-04-20,10:45:00,771.7,0.0,Estable
139,2026-04-20,11:00:00,771.5,-0.2,Descendente
140,2026-04-20,11:15:00,771.3,-0.2,Descendente
141,2026-04-20,11:30:00,771.2,-0.1,Descendente
142,2026-04-20,11:45:00,771.0,-0.2,Descendente
143,2026-04-20,12:00:00,770.9,-0.1,Descendente
144,2026-04-20,12:15:00,770.7,-0.2,Descendente
145,2026-04-20,12:30:00,770.5,-0.2,Descendente
146,2026-04-20,12:45:00,770.3,-0.2,Descendente
147,2026-04-20,13:00:00,770.1,-0.2,Descendente
148,2026-04-20,13:15:00,769.9,-0.2,Descendente
149,2026-04-20,13:30:00,769.5,-0.4,Descendente
150,2026-04-20,13:45:00,769.4,-0.1,Descendente
151,2026-04-20,14:00:00,769.1,-0.3,Descendente
152,2026-04-20,14:15:00,768.9,-0.2,Descendente
153,2026-04-20,14:30:00,768.6,-0.3,Descendente
154,2026-04-20,14:45:00,768.4,-0.2,Descendente
155,2026-04-20,15:00:00,768.1,-0.3,Descendente
156,2026-04-20,15:15:00,768.2,0.1,Creciente
157,2026-04-20,15:30:00,768.2,0.0,Estable
158,2026-04-20,15:45:00,768.1,-0.1,Descendente
159,2026-04-20,16:00:00,768.1,0.0,Estable
160,2026-04-20,16:15:00,768.0,-0.1,Descendente
161,2026-04-20,16:30:00,767.9,-0.1,Descendente
162,2026-04-20,16:45:00,767.9,0.0,Estable
163,2026-04-20,17:00:00,767.8,-0.1,Descendente
164,2026-04-20,17:15:00,767.8,0.0,Estable
165,2026-04-20,17:30:00,767.7,-0.1,Descendente
166,2026-04-20,17:45:00,767.9,0.2,Creciente
167,2026-04-20,18:00:00,768.0,0.1,Creciente
168,2026-04-20,18:15:00,768.0,0.0,Estable
169,2026-04-20,18:30:00,768.1,0.1,Creciente
170,2026-04-20,18:45:00,768.2,0.1,Creciente
171,2026-04-20,19:00:00,768.4,0.2,Creciente
172,2026-04-20,19:15:00,768.6,0.2,Creciente
173,2026-04-20,19:30:00,768.7,0.1,Creciente
174,2026-04-20,19:45:00,769.0,0.3,Creciente
175,2026-04-20,20:00:00,769.2,0.2,Creciente
176,2026-04-20,20:15:00,769.4,0.2,Creciente
177,2026-04-20,20:30:00,769.6,0.2,Creciente
178,2026-04-20,20:45:00,770.0,0.4,Creciente
179,2026-04-20,21:00:00,769.9,-0.1,Descendente
180,2026-04-20,21:15:00,770.0,0.1,Creciente
181,2026-04-20,21:30:00,770.2,0.2,Creciente
182,2026-04-20,21:45:00,770.4,0.2,Creciente
183,2026-04-20,22:00:00,770.5,0.1,Creciente
184,2026-04-20,22:15:00,770.8,0.3,Creciente
185,2026-04-20,22:30:00,770.9,0.1,Creciente
186,2026-04-20,22:45:00,771.0,0.1,Creciente
187,2026-04-20,23:00:00,771.2,0.2,Creciente
188,2026-04-20,23:15:00,771.2,0.0,Estable
189,2026-04-20,23:30:00,771.2,0.0,Estable
190,2026-04-20,23:45:00,771.1,-0.1,Descendente
191,2026-04-21,00:15:00,770.8,-0.3,Descendente
192,2026-04-21,00:30:00,770.8,0.0,Estable
193,2026-04-21,00:45:00,770.9,0.1,Creciente
194,2026-04-21,01:00:00,770.9,0.0,Estable
195,2026-04-21,01:15:00,770.9,0.0,Estable
196,2026-04-21,01:30:00,770.9,0.0,Estable
197,2026-04-21,01:45:00,770.7,-0.2,Descendente
198,2026-04-21,02:00:00,770.7,0.0,Estable
199,2026-04-21,02:15:00,770.7,0.0,Estable
200,2026-04-21,02:30:00,770.7,0.0,Estable
201,2026-04-21,02:45:00,770.7,0.0,Estable
202,2026-04-21,03:00:00,770.8,0.1,Creciente
203,2026-04-21,03:15:00,770.7,-0.1,Descendente
204,2026-04-21,03:30:00,770.6,-0.1,Descendente
205,2026-04-21,03:45:00,770.7,0.1,Creciente
206,2026-04-21,04:00:00,770.7,0.0,Estable
207,2026-04-21,04:15:00,770.6,-0.1,Descendente
208,2026-04-21,04:30:00,770.5,-0.1,Descendente
209,2026-04-21,04:45:00,770.6,0.1,Creciente
210,2026-04-21,05:00:00,770.6,0.0,Estable
211,2026-04-21,05:15:00,770.6,0.0,Estable
212,2026-04-21,05:30:00,770.6,0.0,Estable
213,2026-04-21,05:45:00,770.5,-0.1,Descendente
214,2026-04-21,06:00:00,770.5,0.0,Estable
215,2026-04-21,06:15:00,770.8,0.3,Creciente
216,2026-04-21,06:30:00,770.8,0.0,Estable
217,2026-04-21,06:45:00,770.8,0.0,Estable
218,2026-04-21,07:00:00,771.3,0.5,Creciente
219,2026-04-21,07:15:00,771.4,0.1,Creciente
220,2026-04-21,07:30:00,771.3,-0.1,Descendente
221,2026-04-21,07:45:00,771.6,0.3,Creciente
222,2026-04-21,08:00:00,771.4,-0.2,Descendente
223,2026-04-21,08:15:00,771.5,0.1,Creciente
224,2026-04-21,08:30:00,771.6,0.1,Creciente
225,2026-04-21,08:45:00,771.7,0.1,Creciente
226,2026-04-21,09:00:00,771.7,0.0,Estable
227,2026-04-21,09:15:00,771.8,0.1,Creciente
228,2026-04-21,09:30:00,771.7,-0.1,Descendente
229,2026-04-21,09:45:00,771.5,-0.2,Descendente
230,2026-04-21,10:00:00,771.5,0.0,Estable
231,2026-04-21,10:15:00,771.4,-0.1,Descendente
232,2026-04-21,10:30:00,771.3,-0.1,Descendente
233,2026-04-21,10:45:00,771.2,-0.1,Descendente
234,2026-04-21,11:00:00,771.1,-0.1,Descendente
235,2026-04-21,11:15:00,771.0,-0.1,Descendente
236,2026-04-21,11:30:00,770.7,-0.3,Descendente
237,2026-04-21,11:45:00,770.6,-0.1,Descendente
238,2026-04-21,12:00:00,770.4,-0.2,Descendente
239,2026-04-21,12:15:00,770.3,-0.1,Descendente
240,2026-04-21,12:30:00,770.0,-0.3,Descendente
241,2026-04-21,12:45:00,769.7,-0.3,Descendente
242,2026-04-21,13:00:00,769.5,-0.2,Descendente
243,2026-04-21,13:15:00,769.3,-0.2,Descendente
244,2026-04-21,13:30:00,769.1,-0.2,Descendente
245,2026-04-21,13:45:00,768.8,-0.3,Descendente
246,2026-04-21,14:00:00,768.6,-0.2,Descendente
247,2026-04-21,14:15:00,768.4,-0.2,Descendente
248,2026-04-21,14:30:00,768.1,-0.3,Descendente
249,2026-04-21,14:45:00,767.9,-0.2,Descendente
250,2026-04-21,15:00:00,767.6,-0.3,Descendente
251,2026-04-21,15:15:00,767.4,-0.2,Descendente
252,2026-04-21,15:30:00,767.2,-0.2,Descendente
253,2026-04-21,15:45:00,767.3,0.1,Creciente
254,2026-04-21,16:00:00,767.2,-0.1,Descendente
255,2026-04-21,16:15:00,767.3,0.1,Creciente
256,2026-04-21,16:30:00,767.3,0.0,Estable
257,2026-04-21,16:45:00,767.2,-0.1,Descendente
258,2026-04-21,17:00:00,767.3,0.1,Creciente
259,2026-04-21,17:15:00,767.4,0.1,Creciente
260,2026-04-21,17:30:00,767.5,0.1,Creciente
261,2026-04-21,17:45:00,767.8,0.3,Creciente
262,2026-04-21,18:00:00,768.0,0.2,Creciente
263,2026-04-21,18:15:00,768.1,0.1,Creciente
264,2026-04-21,18:30:00,768.1,0.0,Estable
265,2026-04-21,18:45:00,768.1,0.0,Estable
266,2026-04-21,19:00:00,768.3,0.2,Creciente
267,2026-04-21,19:15:00,768.7,0.4,Creciente
268,2026-04-21,19:30:00,769.1,0.4,Creciente
269,2026-04-21,19:45:00,769.4,0.3,Creciente
270,2026-04-21,20:00:00,769.7,0.3,Creciente
271,2026-04-21,20:15:00,770.1,0.4,Creciente
272,2026-04-21,20:30:00,770.2,0.1,Creciente
273,2026-04-21,20:45:00,770.4,0.2,Creciente
274,2026-04-21,21:00:00,770.7,0.3,Creciente
275,2026-04-21,21:15:00,770.9,0.2,Creciente
276,2026-04-21,21:30:00,771.0,0.1,Creciente
277,2026-04-21,21:45:00,771.1,0.1,Creciente
278,2026-04-21,22:00:00,771.1,0.0,Estable
279,2026-04-21,22:15:00,771.2,0.1,Creciente
280,2026-04-21,22:30:00,771.5,0.3,Creciente
281,2026-04-21,22:45:00,771.6,0.1,Creciente
282,2026-04-21,23:00:00,771.5,-0.1,Descendente
283,2026-04-21,23:15:00,771.4,-0.1,Descendente
284,2026-04-21,23:30:00,770.9,-0.5,Descendente
285,2026-04-21,23:45:00,770.8,-0.1,Descendente
571,2026-04-22,00:15:00,771.2,0.4,Creciente
572,2026-04-22,00:30:00,771.2,0.0,Estable
573,2026-04-22,00:45:00,770.9,-0.3,Descendente
574,2026-04-22,01:00:00,770.6,-0.3,Descendente
575,2026-04-22,01:15:00,770.4,-0.2,Descendente
576,2026-04-22,01:30:00,770.2,-0.2,Descendente
577,2026-04-22,01:45:00,770.0,-0.2,Descendente
578,2026-04-22,02:00:00,769.9,-0.1,Descendente
579,2026-04-22,02:15:00,769.7,-0.2,Descendente
580,2026-04-22,02:30:00,769.5,-0.2,Descendente
581,2026-04-22,02:45:00,769.5,0.0,Estable
582,2026-04-22,03:00:00,769.6,0.1,Creciente
583,2026-04-22,03:15:00,769.6,0.0,Estable
584,2026-04-22,03:30:00,769.7,0.1,Creciente
585,2026-04-22,03:45:00,769.7,0.0,Estable
586,2026-04-22,04:00:00,769.8,0.1,Creciente
587,2026-04-22,04:15:00,769.7,-0.1,Descendente
588,2026-04-22,04:30:00,769.7,0.0,Estable
589,2026-04-22,04:45:00,769.7,0.0,Estable
590,2026-04-22,05:00:00,769.7,0.0,Estable
591,2026-04-22,05:15:00,769.6,-0.1,Descendente
592,2026-04-22,05:30:00,769.6,0.0,Estable
593,2026-04-22,05:45:00,769.6,0.0,Estable
594,2026-04-22,06:00:00,769.7,0.1,Creciente
595,2026-04-22,06:15:00,769.9,0.2,Creciente
596,2026-04-22,06:30:00,770.0,0.1,Creciente
597,2026-04-22,06:45:00,770.1,0.1,Creciente
598,2026-04-22,07:00:00,770.4,0.3,Creciente
599,2026-04-22,07:15:00,770.5,0.1,Creciente
600,2026-04-22,07:30:00,770.6,0.1,Creciente
601,2026-04-22,07:45:00,770.7,0.1,Creciente
602,2026-04-22,08:00:00,770.6,-0.1,Descendente
603,2026-04-22,08:15:00,770.7,0.1,Creciente
604,2026-04-22,08:30:00,770.8,0.1,Creciente
605,2026-04-22,08:45:00,770.8,0.0,Estable
606,2026-04-22,09:00:00,770.9,0.1,Creciente
607,2026-04-22,09:15:00,770.9,0.0,Estable
608,2026-04-22,09:30:00,770.9,0.0,Estable
609,2026-04-22,09:45:00,770.9,0.0,Estable
610,2026-04-22,10:00:00,770.8,-0.1,Descendente
611,2026-04-22,10:15:00,770.7,-0.1,Descendente
612,2026-04-22,10:30:00,770.5,-0.2,Descendente
613,2026-04-22,10:45:00,770.4,-0.1,Descendente
614,2026-04-22,11:00:00,770.3,-0.1,Descendente
615,2026-04-22,11:15:00,770.2,-0.1,Descendente
616,2026-04-22,11:30:00,770.0,-0.2,Descendente
617,2026-04-22,11:45:00,769.6,-0.4,Descendente
618,2026-04-22,12:00:00,769.4,-0.2,Descendente
619,2026-04-22,12:15:00,769.2,-0.2,Descendente
620,2026-04-22,12:30:00,768.9,-0.3,Descendente
621,2026-04-22,12:45:00,768.8,-0.1,Descendente
622,2026-04-22,13:00:00,768.6,-0.2,Descendente
623,2026-04-22,13:15:00,768.3,-0.3,Descendente
624,2026-04-22,13:30:00,767.9,-0.4,Descendente
625,2026-04-22,13:45:00,767.9,0.0,Estable
626,2026-04-22,14:00:00,767.5,-0.4,Descendente
627,2026-04-22,14:15:00,767.4,-0.1,Descendente
628,2026-04-22,14:30:00,767.4,0.0,Estable
629,2026-04-22,14:45:00,767.7,0.3,Creciente
630,2026-04-22,15:00:00,767.2,-0.5,Descendente
631,2026-04-22,15:15:00,767.2,0.0,Estable
632,2026-04-22,15:30:00,767.5,0.3,Creciente
633,2026-04-22,15:45:00,767.2,-0.3,Descendente
634,2026-04-22,16:00:00,766.9,-0.3,Descendente
635,2026-04-22,16:15:00,766.8,-0.1,Descendente
636,2026-04-22,16:30:00,766.6,-0.2,Descendente
637,2026-04-22,16:45:00,766.6,0.0,Estable
638,2026-04-22,17:00:00,766.8,0.2,Creciente
639,2026-04-22,17:15:00,766.7,-0.1,Descendente
640,2026-04-22,17:30:00,766.2,-0.5,Descendente
641,2026-04-22,17:45:00,766.3,0.1,Creciente
642,2026-04-22,18:00:00,767.0,0.7,Creciente
643,2026-04-22,18:15:00,767.5,0.5,Creciente
644,2026-04-22,18:30:00,767.5,0.0,Estable
645,2026-04-22,18:45:00,767.6,0.1,Creciente
646,2026-04-22,19:00:00,767.7,0.1,Creciente
647,2026-04-22,19:15:00,768.3,0.6,Creciente
648,2026-04-22,19:30:00,768.8,0.5,Creciente
649,2026-04-22,19:45:00,769.4,0.6,Creciente
650,2026-04-22,20:00:00,769.8,0.4,Creciente
651,2026-04-22,20:15:00,770.0,0.2,Creciente
652,2026-04-22,20:30:00,770.1,0.1,Creciente
653,2026-04-22,20:45:00,770.6,0.5,Creciente
654,2026-04-22,21:00:00,770.9,0.3,Creciente
655,2026-04-22,21:15:00,771.0,0.1,Creciente
656,2026-04-22,21:30:00,770.3,-0.7,Descendente
657,2026-04-22,21:45:00,770.7,0.4,Creciente
658,2026-04-22,22:00:00,770.8,0.1,Creciente
659,2026-04-22,22:15:00,770.8,0.0,Estable
660,2026-04-22,22:30:00,770.7,-0.1,Descendente
661,2026-04-22,22:45:00,770.8,0.1,Creciente
662,2026-04-22,23:00:00,770.3,-0.5,Descendente
663,2026-04-22,23:15:00,770.1,-0.2,Descendente
664,2026-04-22,23:30:00,770.0,-0.1,Descendente
665,2026-04-22,23:45:00,769.8,-0.2,Descendente
666,2026-04-23,00:15:00,769.9,0.1,Creciente
667,2026-04-23,00:30:00,769.7,-0.2,Descendente
668,2026-04-23,00:45:00,769.2,-0.5,Descendente
669,2026-04-23,01:00:00,769.0,-0.2,Descendente
670,2026-04-23,01:15:00,769.0,0.0,Estable
671,2026-04-23,01:30:00,768.9,-0.1,Descendente
672,2026-04-23,01:45:00,769.2,0.3,Creciente
673,2026-04-23,02:00:00,768.9,-0.3,Descendente
674,2026-04-23,02:15:00,768.6,-0.3,Descendente
675,2026-04-23,02:30:00,768.9,0.3,Creciente
676,2026-04-23,02:45:00,769.3,0.4,Creciente
677,2026-04-23,03:00:00,769.2,-0.1,Descendente
678,2026-04-23,03:15:00,768.9,-0.3,Descendente
679,2026-04-23,03:30:00,768.4,-0.5,Descendente
680,2026-04-23,03:45:00,768.3,-0.1,Descendente
681,2026-04-23,04:00:00,768.4,0.1,Creciente
682,2026-04-23,04:15:00,768.4,0.0,Estable
683,2026-04-23,04:30:00,768.3,-0.1,Descendente
684,2026-04-23,04:45:00,768.3,0.0,Estable
685,2026-04-23,05:00:00,768.3,0.0,Estable
686,2026-04-23,05:15:00,768.4,0.1,Creciente
687,2026-04-23,05:30:00,768.4,0.0,Estable
688,2026-04-23,05:45:00,768.5,0.1,Creciente
689,2026-04-23,06:00:00,768.6,0.1,Creciente
690,2026-04-23,06:15:00,768.7,0.1,Creciente
691,2026-04-23,06:30:00,768.9,0.2,Creciente
692,2026-04-23,06:45:00,768.8,-0.1,Descendente
693,2026-04-23,07:00:00,769.0,0.2,Creciente
694,2026-04-23,07:15:00,769.1,0.1,Creciente
695,2026-04-23,07:30:00,769.2,0.1,Creciente
696,2026-04-23,07:45:00,769.3,0.1,Creciente
697,2026-04-23,08:00:00,769.4,0.1,Creciente
698,2026-04-23,08:15:00,769.4,0.0,Estable
699,2026-04-23,08:30:00,769.5,0.1,Creciente
700,2026-04-23,08:45:00,769.5,0.0,Estable
701,2026-04-23,09:00:00,769.5,0.0,Estable
702,2026-04-23,09:15:00,769.6,0.1,Creciente
703,2026-04-23,09:30:00,769.6,0.0,Estable
704,2026-04-23,09:45:00,769.5,-0.1,Descendente
705,2026-04-23,10:00:00,769.5,0.0,Estable
706,2026-04-23,10:15:00,769.2,-0.3,Descendente
707,2026-04-23,10:30:00,769.0,-0.2,Descendente
708,2026-04-23,10:45:00,768.8,-0.2,Descendente
709,2026-04-23,11:00:00,768.7,-0.1,Descendente
710,2026-04-23,11:15:00,768.5,-0.2,Descendente
711,2026-04-23,11:30:00,768.2,-0.3,Descendente
712,2026-04-23,11:45:00,768.1,-0.1,Descendente
713,2026-04-23,12:00:00,767.8,-0.3,Descendente
714,2026-04-23,12:15:00,767.6,-0.2,Descendente
715,2026-04-23,12:30:00,767.5,-0.1,Descendente
716,2026-04-23,12:45:00,767.2,-0.3,Descendente
717,2026-04-23,13:00:00,767.1,-0.1,Descendente
718,2026-04-23,13:15:00,767.0,-0.1,Descendente
719,2026-04-23,13:30:00,766.6,-0.4,Descendente
720,2026-04-23,13:45:00,766.5,-0.1,Descendente
721,2026-04-23,14:00:00,766.3,-0.2,Descendente
722,2026-04-23,14:15:00,766.0,-0.3,Descendente
723,2026-04-23,14:30:00,765.9,-0.1,Descendente
724,2026-04-23,14:45:00,765.7,-0.2,Descendente
725,2026-04-23,15:00:00,765.5,-0.2,Descendente
726,2026-04-23,15:15:00,765.3,-0.2,Descendente
727,2026-04-23,15:30:00,765.2,-0.1,Descendente
728,2026-04-23,15:45:00,765.3,0.1,Creciente
729,2026-04-23,16:00:00,765.3,0.0,Estable
730,2026-04-23,16:15:00,765.3,0.0,Estable
731,2026-04-23,16:30:00,765.2,-0.1,Descendente
732,2026-04-23,16:45:00,765.2,0.0,Estable
733,2026-04-23,17:00:00,765.1,-0.1,Descendente
734,2026-04-23,17:15:00,765.2,0.1,Creciente
735,2026-04-23,17:30:00,765.4,0.2,Creciente
736,2026-04-23,17:45:00,765.4,0.0,Estable
737,2026-04-23,18:00:00,765.4,0.0,Estable
738,2026-04-23,18:15:00,765.5,0.1,Creciente
739,2026-04-23,18:30:00,765.6,0.1,Creciente
740,2026-04-23,18:45:00,765.8,0.2,Creciente
741,2026-04-23,19:00:00,766.1,0.3,Creciente
742,2026-04-23,19:15:00,766.1,0.0,Estable
743,2026-04-23,19:30:00,766.3,0.2,Creciente
744,2026-04-23,19:45:00,766.5,0.2,Creciente
745,2026-04-23,20:00:00,766.7,0.2,Creciente
746,2026-04-23,20:15:00,766.8,0.1,Creciente
747,2026-04-23,20:30:00,766.9,0.1,Creciente
748,2026-04-23,20:45:00,767.0,0.1,Creciente
749,2026-04-23,21:00:00,767.2,0.2,Creciente
750,2026-04-23,21:15:00,767.3,0.1,Creciente
751,2026-04-23,21:30:00,767.4,0.1,Creciente
752,2026-04-23,21:45:00,767.4,0.0,Estable
753,2026-04-23,22:00:00,767.5,0.1,Creciente
754,2026-04-23,22:15:00,767.6,0.1,Creciente
755,2026-04-23,22:30:00,767.8,0.2,Creciente
756,2026-04-23,22:45:00,767.9,0.1,Creciente
757,2026-04-23,23:00:00,767.9,0.0,Estable
758,2026-04-23,23:15:00,767.9,0.0,Estable
759,2026-04-23,23:30:00,767.9,0.0,Estable
760,2026-04-23,23:45:00,767.9,0.0,Estable
761,2026-04-24,00:15:00,767.7,-0.2,Descendente
762,2026-04-24,05:30:00,766.7,-1.0,Descendente
763,2026-04-24,05:45:00,766.8,0.1,Creciente
764,2026-04-24,06:00:00,766.9,0.1,Creciente
765,2026-04-24,06:15:00,767.0,0.1,Creciente
766,2026-04-24,06:30:00,767.1,0.1,Creciente
767,2026-04-24,09:15:00,768.1,1.0,Creciente
768,2026-04-24,09:30:00,768.1,0.0,Estable
769,2026-04-24,09:45:00,768.0,-0.1,Descendente
770,2026-04-24,10:00:00,767.9,-0.1,Descendente
771,2026-04-24,10:15:00,767.8,-0.1,Descendente
772,2026-04-24,14:15:00,764.9,-2.9,Descendente
773,2026-04-24,14:30:00,764.8,-0.1,Descendente
774,2026-04-24,14:45:00,764.6,-0.2,Descendente
775,2026-04-24,15:00:00,764.4,-0.2,Descendente
776,2026-04-24,15:15:00,764.3,-0.1,Descendente
777,2026-04-24,18:00:00,764.1,-0.2,Descendente
778,2026-04-24,18:15:00,764.2,0.1,Creciente
779,2026-04-24,18:30:00,764.4,0.2,Creciente
780,2026-04-24,18:45:00,764.7,0.3,Creciente
781,2026-04-24,19:00:00,764.8,0.1,Creciente
782,2026-04-24,19:15:00,765.2,0.4,Creciente
783,2026-04-24,19:30:00,765.4,0.2,Creciente
784,2026-04-24,19:45:00,765.7,0.3,Creciente
785,2026-04-24,20:00:00,766.0,0.3,Creciente
786,2026-04-24,20:15:00,766.0,0.0,Estable
787,2026-04-24,20:30:00,766.3,0.3,Creciente
788,2026-04-24,20:45:00,766.5,0.2,Creciente
789,2026-04-24,21:00:00,766.7,0.2,Creciente
790,2026-04-24,21:15:00,767.0,0.3,Creciente
791,2026-04-24,21:30:00,767.1,0.1,Creciente
792,2026-04-24,23:00:00,767.2,0.1,Creciente
793,2026-04-24,23:15:00,767.3,0.1,Creciente
794,2026-04-24,23:30:00,767.1,-0.2,Descendente
795,2026-04-24,23:45:00,767.1,0.0,Estable
796,2026-04-25,00:15:00,767.1,0.0,Estable
797,2026-04-25,00:30:00,766.9,-0.2,Descendente
798,2026-04-25,00:45:00,766.9,0.0,Estable
799,2026-04-25,01:00:00,766.7,-0.2,Descendente
800,2026-04-25,01:15:00,766.6,-0.1,Descendente
801,2026-04-25,01:30:00,766.5,-0.1,Descendente
802,2026-04-25,01:45:00,766.4,-0.1,Descendente
803,2026-04-25,02:00:00,766.3,-0.1,Descendente
804,2026-04-25,02:15:00,766.2,-0.1,Descendente
805,2026-04-25,02:30:00,766.1,-0.1,Descendente
806,2026-04-25,02:45:00,766.2,0.1,Creciente
807,2026-04-25,03:00:00,766.2,0.0,Estable
808,2026-04-25,03:15:00,766.1,-0.1,Descendente
809,2026-04-25,03:30:00,766.0,-0.1,Descendente
810,2026-04-25,03:45:00,766.1,0.1,Creciente
811,2026-04-25,04:00:00,766.2,0.1,Creciente
812,2026-04-25,04:15:00,766.2,0.0,Estable
813,2026-04-25,04:30:00,766.2,0.0,Estable
814,2026-04-25,04:45:00,766.3,0.1,Creciente
815,2026-04-25,05:00:00,766.4,0.1,Creciente
816,2026-04-25,05:15:00,766.5,0.1,Creciente
817,2026-04-25,05:30:00,766.6,0.1,Creciente
818,2026-04-25,05:45:00,766.6,0.0,Estable
819,2026-04-25,06:00:00,766.8,0.2,Creciente
820,2026-04-25,06:15:00,766.9,0.1,Creciente
821,2026-04-25,06:30:00,767.0,0.1,Creciente
822,2026-04-25,06:45:00,767.1,0.1,Creciente
823,2026-04-25,07:00:00,767.3,0.2,Creciente
824,2026-04-25,07:15:00,767.4,0.1,Creciente
825,2026-04-25,07:30:00,767.5,0.1,Creciente
826,2026-04-25,07:45:00,767.6,0.1,Creciente
827,2026-04-25,08:00:00,767.7,0.1,Creciente
828,2026-04-25,08:15:00,767.8,0.1,Creciente
829,2026-04-25,08:30:00,767.8,0.0,Estable
830,2026-04-25,08:45:00,767.9,0.1,Creciente
831,2026-04-25,09:00:00,767.9,0.0,Estable
832,2026-04-25,09:15:00,768.0,0.1,Creciente
833,2026-04-25,09:30:00,767.9,-0.1,Descendente
834,2026-04-25,09:45:00,767.9,0.0,Estable
835,2026-04-25,10:00:00,767.9,0.0,Estable
836,2026-04-25,10:15:00,767.9,0.0,Estable
837,2026-04-25,10:30:00,767.9,0.0,Estable
838,2026-04-25,10:45:00,767.8,-0.1,Descendente
839,2026-04-25,11:00:00,767.6,-0.2,Descendente
840,2026-04-25,11:15:00,767.5,-0.1,Descendente
841,2026-04-25,11:30:00,767.5,0.0,Estable
842,2026-04-25,11:45:00,767.2,-0.3,Descendente
843,2026-04-25,12:00:00,767.1,-0.1,Descendente
844,2026-04-25,12:15:00,766.9,-0.2,Descendente
845,2026-04-25,12:30:00,766.8,-0.1,Descendente
846,2026-04-25,12:45:00,766.6,-0.2,Descendente
847,2026-04-25,13:00:00,766.4,-0.2,Descendente
848,2026-04-25,13:15:00,766.2,-0.2,Descendente
849,2026-04-25,13:30:00,765.8,-0.4,Descendente
850,2026-04-25,13:45:00,765.6,-0.2,Descendente
851,2026-04-25,14:00:00,765.3,-0.3,Descendente
852,2026-04-25,14:15:00,765.1,-0.2,Descendente
853,2026-04-25,14:30:00,764.8,-0.3,Descendente
854,2026-04-25,14:45:00,764.6,-0.2,Descendente
855,2026-04-25,15:00:00,764.4,-0.2,Descendente
856,2026-04-25,15:15:00,764.2,-0.2,Descendente
857,2026-04-25,15:30:00,764.1,-0.1,Descendente
858,2026-04-25,15:45:00,764.1,0.0,Estable
859,2026-04-25,16:00:00,764.1,0.0,Estable
860,2026-04-25,16:15:00,764.1,0.0,Estable
861,2026-04-25,16:30:00,764.1,0.0,Estable
862,2026-04-25,16:45:00,764.1,0.0,Estable
863,2026-04-25,17:00:00,764.2,0.1,Creciente
864,2026-04-25,17:15:00,764.2,0.0,Estable
865,2026-04-25,17:30:00,764.2,0.0,Estable
866,2026-04-25,17:45:00,764.2,0.0,Estable
867,2026-04-25,18:00:00,764.4,0.2,Creciente
868,2026-04-25,18:15:00,764.5,0.1,Creciente
869,2026-04-25,18:30:00,764.7,0.2,Creciente
870,2026-04-25,18:45:00,764.9,0.2,Creciente
871,2026-04-25,19:00:00,765.0,0.1,Creciente
872,2026-04-25,19:15:00,765.2,0.2,Creciente
873,2026-04-25,19:30:00,765.3,0.1,Creciente
874,2026-04-25,19:45:00,765.4,0.1,Creciente
875,2026-04-25,20:00:00,765.6,0.2,Creciente
876,2026-04-25,20:15:00,765.8,0.2,Creciente
877,2026-04-25,20:30:00,766.0,0.2,Creciente
878,2026-04-25,20:45:00,766.3,0.3,Creciente
879,2026-04-25,21:00:00,766.5,0.2,Creciente
880,2026-04-25,21:15:00,766.6,0.1,Creciente
881,2026-04-25,21:30:00,766.9,0.3,Creciente
882,2026-04-25,21:45:00,767.1,0.2,Creciente
883,2026-04-25,22:00:00,767.2,0.1,Creciente
884,2026-04-25,22:15:00,767.4,0.2,Creciente
885,2026-04-25,22:30:00,767.3,-0.1,Descendente
886,2026-04-25,22:45:00,767.4,0.1,Creciente
887,2026-04-25,23:00:00,767.5,0.1,Creciente
888,2026-04-25,23:15:00,767.5,0.0,Estable
889,2026-04-25,23:30:00,767.6,0.1,Creciente
890,2026-04-25,23:45:00,767.7,0.1,Creciente
891,2026-04-26,00:15:00,767.7,0.0,Estable
892,2026-04-26,00:30:00,767.6,-0.1,Descendente
893,2026-04-26,00:45:00,767.7,0.1,Creciente
894,2026-04-26,01:00:00,767.6,-0.1,Descendente
935,2026-04-26,01:15:00,767.6,0.0,Estable
936,2026-04-26,01:30:00,767.5,-0.1,Descendente
937,2026-04-26,01:45:00,767.2,-0.3,Descendente
938,2026-04-26,02:00:00,767.0,-0.2,Descendente
939,2026-04-26,02:15:00,766.7,-0.3,Descendente
940,2026-04-26,02:30:00,766.6,-0.1,Descendente
941,2026-04-26,02:45:00,766.5,-0.1,Descendente
942,2026-04-26,03:00:00,766.5,0.0,Estable
943,2026-04-26,03:15:00,766.6,0.1,Creciente
944,2026-04-26,03:30:00,766.6,0.0,Estable
945,2026-04-26,03:45:00,766.6,0.0,Estable
946,2026-04-26,04:00:00,766.6,0.0,Estable
947,2026-04-26,04:15:00,766.6,0.0,Estable
948,2026-04-26,04:30:00,766.7,0.1,Creciente
949,2026-04-26,04:45:00,766.6,-0.1,Descendente
895,2026-04-26,05:00:00,766.7,0.1,Creciente
896,2026-04-26,05:15:00,766.9,0.2,Creciente
897,2026-04-26,05:30:00,766.9,0.0,Estable
898,2026-04-26,05:45:00,767.0,0.1,Creciente
899,2026-04-26,06:00:00,767.1,0.1,Creciente
955,2026-04-26,06:15:00,767.3,0.2,Creciente
956,2026-04-26,06:30:00,767.4,0.1,Creciente
957,2026-04-26,06:45:00,767.6,0.2,Creciente
958,2026-04-26,07:00:00,767.7,0.1,Creciente
959,2026-04-26,07:15:00,767.9,0.2,Creciente
900,2026-04-26,07:30:00,768.1,0.2,Creciente
901,2026-04-26,07:45:00,768.1,0.0,Estable
902,2026-04-26,08:00:00,768.1,0.0,Estable
903,2026-04-26,08:15:00,768.3,0.2,Creciente
904,2026-04-26,08:30:00,768.3,0.0,Estable
905,2026-04-26,08:45:00,768.4,0.1,Creciente
906,2026-04-26,09:00:00,768.3,-0.1,Descendente
907,2026-04-26,09:15:00,768.4,0.1,Creciente
908,2026-04-26,09:30:00,768.3,-0.1,Descendente
909,2026-04-26,09:45:00,768.5,0.2,Creciente
970,2026-04-26,10:00:00,768.4,-0.1,Descendente
971,2026-04-26,10:15:00,768.3,-0.1,Descendente
972,2026-04-26,10:30:00,768.3,0.0,Estable
973,2026-04-26,10:45:00,768.1,-0.2,Descendente
974,2026-04-26,11:00:00,768.0,-0.1,Descendente
910,2026-04-26,11:15:00,767.8,-0.2,Descendente
911,2026-04-26,11:30:00,767.7,-0.1,Descendente
912,2026-04-26,11:45:00,767.6,-0.1,Descendente
913,2026-04-26,12:00:00,767.4,-0.2,Descendente
914,2026-04-26,12:15:00,767.3,-0.1,Descendente
915,2026-04-26,12:30:00,767.1,-0.2,Descendente
916,2026-04-26,12:45:00,766.9,-0.2,Descendente
917,2026-04-26,13:00:00,766.6,-0.3,Descendente
918,2026-04-26,13:15:00,766.4,-0.2,Descendente
919,2026-04-26,13:30:00,766.1,-0.3,Descendente
985,2026-04-26,13:45:00,766.0,-0.1,Descendente
986,2026-04-26,14:00:00,765.7,-0.3,Descendente
987,2026-04-26,14:15:00,765.4,-0.3,Descendente
988,2026-04-26,14:30:00,765.1,-0.3,Descendente
989,2026-04-26,14:45:00,764.9,-0.2,Descendente
990,2026-04-26,15:00:00,764.8,-0.1,Descendente
991,2026-04-26,15:15:00,764.9,0.1,Creciente
992,2026-04-26,15:30:00,764.8,-0.1,Descendente
993,2026-04-26,15:45:00,764.7,-0.1,Descendente
994,2026-04-26,16:00:00,764.7,0.0,Estable
995,2026-04-26,16:15:00,764.6,-0.1,Descendente
996,2026-04-26,16:30:00,764.7,0.1,Creciente
997,2026-04-26,16:45:00,764.7,0.0,Estable
998,2026-04-26,17:00:00,764.8,0.1,Creciente
999,2026-04-26,17:15:00,765.0,0.2,Creciente
920,2026-04-26,17:30:00,765.4,0.4,Creciente
921,2026-04-26,17:45:00,765.6,0.2,Creciente
922,2026-04-26,18:00:00,765.5,-0.1,Descendente
923,2026-04-26,18:15:00,765.5,0.0,Estable
924,2026-04-26,18:30:00,765.6,0.1,Creciente
1005,2026-04-26,18:45:00,765.9,0.3,Creciente
1006,2026-04-26,19:00:00,766.6,0.7,Creciente
1007,2026-04-26,19:15:00,766.8,0.2,Creciente
1008,2026-04-26,19:30:00,767.3,0.5,Creciente
1009,2026-04-26,19:45:00,767.5,0.2,Creciente
1010,2026-04-26,20:00:00,767.5,0.0,Estable
1011,2026-04-26,20:15:00,767.8,0.3,Creciente
1012,2026-04-26,20:30:00,767.9,0.1,Creciente
1013,2026-04-26,20:45:00,768.0,0.1,Creciente
1014,2026-04-26,21:00:00,768.0,0.0,Estable
1015,2026-04-26,21:15:00,768.1,0.1,Creciente
1016,2026-04-26,21:30:00,768.3,0.2,Creciente
1017,2026-04-26,21:45:00,768.5,0.2,Creciente
1018,2026-04-26,22:00:00,768.7,0.2,Creciente
1019,2026-04-26,22:15:00,768.7,0.0,Estable
925,2026-04-26,22:30:00,768.7,0.0,Estable
926,2026-04-26,22:45:00,768.7,0.0,Estable
927,2026-04-26,23:00:00,768.9,0.2,Creciente
928,2026-04-26,23:15:00,768.9,0.0,Estable
929,2026-04-26,23:30:00,769.1,0.2,Creciente
930,2026-04-26,23:45:00,769.1,0.0,Estable
1026,2026-04-27,00:15:00,768.7,-0.4,Descendente
1027,2026-04-27,00:30:00,768.5,-0.2,Descendente
1028,2026-04-27,00:45:00,768.5,0.0,Estable
1029,2026-04-27,01:00:00,768.4,-0.1,Descendente
1030,2026-04-27,01:15:00,768.5,0.1,Creciente
1031,2026-04-27,01:30:00,768.2,-0.3,Descendente
1032,2026-04-27,01:45:00,768.1,-0.1,Descendente
1033,2026-04-27,02:00:00,768.0,-0.1,Descendente
1034,2026-04-27,02:15:00,768.0,0.0,Estable
1035,2026-04-27,02:30:00,767.8,-0.2,Descendente
1036,2026-04-27,02:45:00,767.7,-0.1,Descendente
1037,2026-04-27,03:00:00,767.8,0.1,Creciente
1038,2026-04-27,03:15:00,767.6,-0.2,Descendente
1039,2026-04-27,03:30:00,767.6,0.0,Estable
1040,2026-04-27,03:45:00,767.5,-0.1,Descendente
1041,2026-04-27,04:00:00,767.5,0.0,Estable
1042,2026-04-27,04:15:00,767.6,0.1,Creciente
1043,2026-04-27,04:30:00,767.6,0.0,Estable
1044,2026-04-27,04:45:00,767.6,0.0,Estable
1045,2026-04-27,05:00:00,767.7,0.1,Creciente
1046,2026-04-27,05:15:00,767.9,0.2,Creciente
1047,2026-04-27,05:30:00,767.9,0.0,Estable
1048,2026-04-27,05:45:00,768.2,0.3,Creciente
1049,2026-04-27,06:00:00,768.3,0.1,Creciente
1050,2026-04-27,06:15:00,768.4,0.1,Creciente
1051,2026-04-27,06:30:00,768.7,0.3,Creciente
1052,2026-04-27,06:45:00,768.7,0.0,Estable
1053,2026-04-27,07:00:00,768.9,0.2,Creciente
1054,2026-04-27,07:15:00,769.0,0.1,Creciente
1055,2026-04-27,07:30:00,769.1,0.1,Creciente
1056,2026-04-27,07:45:00,769.2,0.1,Creciente
1057,2026-04-27,08:00:00,769.2,0.0,Estable
1058,2026-04-27,08:15:00,769.3,0.1,Creciente
1059,2026-04-27,08:30:00,769.4,0.1,Creciente
1060,2026-04-27,08:45:00,769.4,0.0,Estable
1061,2026-04-27,09:00:00,769.4,0.0,Estable
1062,2026-04-27,09:15:00,769.5,0.1,Creciente
1063,2026-04-27,09:30:00,769.5,0.0,Estable
1064,2026-04-27,09:45:00,769.3,-0.2,Descendente
1065,2026-04-27,10:00:00,769.4,0.1,Creciente
1066,2026-04-27,10:15:00,769.4,0.0,Estable
1067,2026-04-27,10:30:00,769.3,-0.1,Descendente
1068,2026-04-27,10:45:00,769.2,-0.1,Descendente
1069,2026-04-27,11:00:00,769.1,-0.1,Descendente
1070,2026-04-27,11:15:00,769.0,-0.1,Descendente
1071,2026-04-27,11:30:00,768.8,-0.2,Descendente
1072,2026-04-27,11:45:00,768.7,-0.1,Descendente
1073,2026-04-27,12:00:00,768.5,-0.2,Descendente
1074,2026-04-27,12:15:00,768.4,-0.1,Descendente
1075,2026-04-27,12:30:00,768.2,-0.2,Descendente
1076,2026-04-27,12:45:00,768.1,-0.1,Descendente
1077,2026-04-27,13:00:00,767.9,-0.2,Descendente
1078,2026-04-27,13:15:00,767.6,-0.3,Descendente
1079,2026-04-27,13:30:00,767.6,0.0,Estable
1080,2026-04-27,13:45:00,767.3,-0.3,Descendente
1081,2026-04-27,14:00:00,767.2,-0.1,Descendente
1082,2026-04-27,14:15:00,766.8,-0.4,Descendente
1083,2026-04-27,14:30:00,766.6,-0.2,Descendente
1084,2026-04-27,14:45:00,766.4,-0.2,Descendente
1085,2026-04-27,15:00:00,766.4,0.0,Estable
1086,2026-04-27,15:15:00,766.3,-0.1,Descendente
1087,2026-04-27,15:30:00,766.3,0.0,Estable
1088,2026-04-27,15:45:00,766.1,-0.2,Descendente
1089,2026-04-27,16:00:00,766.0,-0.1,Descendente
1090,2026-04-27,16:15:00,765.9,-0.1,Descendente
1091,2026-04-27,16:30:00,765.8,-0.1,Descendente
1092,2026-04-27,16:45:00,766.0,0.2,Creciente
1093,2026-04-27,17:00:00,765.9,-0.1,Descendente
1094,2026-04-27,17:15:00,766.0,0.1,Creciente
1095,2026-04-27,17:30:00,766.3,0.3,Creciente
1096,2026-04-27,17:45:00,766.5,0.2,Creciente
1097,2026-04-27,18:00:00,766.6,0.1,Creciente
1098,2026-04-27,18:15:00,766.9,0.3,Creciente
1099,2026-04-27,18:30:00,767.3,0.4,Creciente
1100,2026-04-27,18:45:00,767.6,0.3,Creciente
1101,2026-04-27,19:00:00,767.9,0.3,Creciente
1102,2026-04-27,19:15:00,767.9,0.0,Estable
1103,2026-04-27,19:30:00,768.2,0.3,Creciente
1104,2026-04-27,19:45:00,768.4,0.2,Creciente
1105,2026-04-27,20:00:00,768.7,0.3,Creciente
1106,2026-04-27,20:15:00,769.3,0.6,Creciente
1107,2026-04-27,20:30:00,769.9,0.6,Creciente
1108,2026-04-27,20:45:00,770.4,0.5,Creciente
1109,2026-04-27,21:00:00,770.4,0.0,Estable
1110,2026-04-27,21:15:00,769.7,-0.7,Descendente
1111,2026-04-27,21:30:00,769.7,0.0,Estable
1112,2026-04-27,21:45:00,769.7,0.0,Estable
1113,2026-04-27,22:00:00,769.8,0.1,Creciente
1114,2026-04-27,22:15:00,769.7,-0.1,Descendente
1115,2026-04-27,22:30:00,769.5,-0.2,Descendente
1116,2026-04-27,22:45:00,769.4,-0.1,Descendente
1117,2026-04-27,23:00:00,769.5,0.1,Creciente
1118,2026-04-27,23:15:00,769.5,0.0,Estable
1119,2026-04-27,23:30:00,769.3,-0.2,Descendente
1120,2026-04-27,23:45:00,769.3,0.0,Estable
1121,2026-04-28,00:15:00,769.5,0.2,Creciente
1122,2026-04-28,00:30:00,769.7,0.2,Creciente
1123,2026-04-28,00:45:00,769.6,-0.1,Descendente
1124,2026-04-28,01:00:00,769.7,0.1,Creciente
1125,2026-04-28,01:15:00,769.6,-0.1,Descendente
1126,2026-04-28,01:30:00,769.5,-0.1,Descendente
1127,2026-04-28,01:45:00,769.3,-0.2,Descendente
1128,2026-04-28,02:00:00,769.2,-0.1,Descendente
1129,2026-04-28,02:15:00,769.1,-0.1,Descendente
1130,2026-04-28,02:30:00,768.9,-0.2,Descendente
1131,2026-04-28,02:45:00,769.0,0.1,Creciente
1132,2026-04-28,03:00:00,768.9,-0.1,Descendente
1133,2026-04-28,03:15:00,768.9,0.0,Estable
1134,2026-04-28,03:30:00,768.8,-0.1,Descendente
1135,2026-04-28,03:45:00,768.7,-0.1,Descendente
1136,2026-04-28,04:00:00,768.8,0.1,Creciente
1137,2026-04-28,04:15:00,768.8,0.0,Estable
1138,2026-04-28,04:30:00,768.9,0.1,Creciente
1139,2026-04-28,04:45:00,769.1,0.2,Creciente
1140,2026-04-28,05:00:00,769.2,0.1,Creciente
1141,2026-04-28,05:15:00,769.4,0.2,Creciente
1142,2026-04-28,05:30:00,769.5,0.1,Creciente
1143,2026-04-28,05:45:00,769.6,0.1,Creciente
1144,2026-04-28,06:00:00,769.7,0.1,Creciente
1145,2026-04-28,06:15:00,770.0,0.3,Creciente
1146,2026-04-28,06:30:00,770.0,0.0,Estable
1147,2026-04-28,06:45:00,770.0,0.0,Estable
1148,2026-04-28,07:00:00,770.4,0.4,Creciente
1149,2026-04-28,07:15:00,770.6,0.2,Creciente
1150,2026-04-28,07:30:00,770.7,0.1,Creciente
1151,2026-04-28,07:45:00,770.8,0.1,Creciente
1152,2026-04-28,08:00:00,770.8,0.0,Estable
1153,2026-04-28,08:15:00,771.0,0.2,Creciente
1154,2026-04-28,08:30:00,771.1,0.1,Creciente
1155,2026-04-28,08:45:00,771.1,0.0,Estable
1156,2026-04-28,09:00:00,771.2,0.1,Creciente
1157,2026-04-28,09:15:00,771.3,0.1,Creciente
1158,2026-04-28,09:30:00,771.2,-0.1,Descendente
1159,2026-04-28,09:45:00,771.1,-0.1,Descendente
1160,2026-04-28,10:00:00,771.0,-0.1,Descendente
1161,2026-04-28,10:15:00,771.0,0.0,Estable
1162,2026-04-28,10:30:00,770.9,-0.1,Descendente
1163,2026-04-28,10:45:00,770.8,-0.1,Descendente
1164,2026-04-28,11:00:00,770.8,0.0,Estable
1165,2026-04-28,11:15:00,770.6,-0.2,Descendente
1166,2026-04-28,11:30:00,770.4,-0.2,Descendente
1167,2026-04-28,11:45:00,770.2,-0.2,Descendente
1168,2026-04-28,12:00:00,770.0,-0.2,Descendente
1169,2026-04-28,12:15:00,769.8,-0.2,Descendente
1170,2026-04-28,12:30:00,769.7,-0.1,Descendente
1171,2026-04-28,12:45:00,769.4,-0.3,Descendente
1172,2026-04-28,13:00:00,769.1,-0.3,Descendente
1173,2026-04-28,13:15:00,768.9,-0.2,Descendente
1174,2026-04-28,13:30:00,768.9,0.0,Estable
1175,2026-04-28,13:45:00,768.6,-0.3,Descendente
1176,2026-04-28,14:00:00,768.4,-0.2,Descendente
1177,2026-04-28,14:15:00,768.1,-0.3,Descendente
1178,2026-04-28,14:30:00,767.9,-0.2,Descendente
1179,2026-04-28,14:45:00,767.7,-0.2,Descendente
1180,2026-04-28,15:00:00,767.4,-0.3,Descendente
1181,2026-04-28,15:15:00,767.2,-0.2,Descendente
1182,2026-04-28,15:30:00,767.1,-0.1,Descendente
1183,2026-04-28,15:45:00,767.0,-0.1,Descendente
1184,2026-04-28,16:00:00,766.8,-0.2,Descendente
1185,2026-04-28,16:15:00,766.7,-0.1,Descendente
1186,2026-04-28,16:30:00,766.7,0.0,Estable
1187,2026-04-28,16:45:00,766.7,0.0,Estable
1188,2026-04-28,17:00:00,766.6,-0.1,Descendente
1189,2026-04-28,17:15:00,766.6,0.0,Estable
1190,2026-04-28,17:30:00,766.8,0.2,Creciente
1191,2026-04-28,17:45:00,766.8,0.0,Estable
1192,2026-04-28,18:00:00,766.9,0.1,Creciente
1193,2026-04-28,18:15:00,767.0,0.1,Creciente
1194,2026-04-28,18:30:00,767.2,0.2,Creciente
1195,2026-04-28,18:45:00,767.3,0.1,Creciente
1196,2026-04-28,19:00:00,767.4,0.1,Creciente
1197,2026-04-28,19:15:00,767.6,0.2,Creciente
1198,2026-04-28,19:30:00,767.9,0.3,Creciente
1199,2026-04-28,19:45:00,768.1,0.2,Creciente
1200,2026-04-28,20:00:00,768.5,0.4,Creciente
1201,2026-04-28,20:15:00,768.8,0.3,Creciente
1202,2026-04-28,20:30:00,768.9,0.1,Creciente
1203,2026-04-28,20:45:00,769.0,0.1,Creciente
1204,2026-04-28,21:00:00,769.1,0.1,Creciente
1205,2026-04-28,21:15:00,769.2,0.1,Creciente
1206,2026-04-28,21:30:00,769.2,0.0,Estable
1207,2026-04-28,21:45:00,769.3,0.1,Creciente
1208,2026-04-28,22:00:00,769.4,0.1,Creciente
1209,2026-04-28,22:15:00,769.6,0.2,Creciente
1210,2026-04-28,22:30:00,769.8,0.2,Creciente
1211,2026-04-28,22:45:00,769.8,0.0,Estable
1212,2026-04-28,23:00:00,769.8,0.0,Estable
1213,2026-04-28,23:15:00,769.8,0.0,Estable
1214,2026-04-28,23:30:00,769.9,0.1,Creciente
1215,2026-04-28,23:45:00,769.8,-0.1,Descendente
1216,2026-04-29,00:15:00,769.7,-0.1,Descendente
1217,2026-04-29,00:30:00,769.6,-0.1,Descendente
1218,2026-04-29,00:45:00,769.4,-0.2,Descendente
1219,2026-04-29,01:00:00,769.3,-0.1,Descendente
1220,2026-04-29,01:15:00,769.1,-0.2,Descendente
1221,2026-04-29,01:30:00,769.0,-0.1,Descendente
1222,2026-04-29,01:45:00,769.0,0.0,Estable
1223,2026-04-29,02:00:00,769.0,0.0,Estable
1224,2026-04-29,02:15:00,769.0,0.0,Estable
1225,2026-04-29,02:30:00,768.7,-0.3,Descendente
1226,2026-04-29,02:45:00,768.7,0.0,Estable
1227,2026-04-29,03:00:00,768.6,-0.1,Descendente
1228,2026-04-29,03:15:00,768.6,0.0,Estable
1229,2026-04-29,03:30:00,768.5,-0.1,Descendente
1230,2026-04-29,03:45:00,768.4,-0.1,Descendente
1231,2026-04-29,04:00:00,768.2,-0.2,Descendente
1232,2026-04-29,04:15:00,768.3,0.1,Creciente
1233,2026-04-29,04:30:00,768.3,0.0,Estable
1234,2026-04-29,04:45:00,768.4,0.1,Creciente
1235,2026-04-29,05:00:00,768.3,-0.1,Descendente
1236,2026-04-29,05:15:00,768.5,0.2,Creciente
1237,2026-04-29,05:30:00,768.6,0.1,Creciente
1238,2026-04-29,05:45:00,768.7,0.1,Creciente
1239,2026-04-29,06:00:00,768.8,0.1,Creciente
1240,2026-04-29,06:15:00,768.8,0.0,Estable
1241,2026-04-29,06:30:00,768.9,0.1,Creciente
1242,2026-04-29,06:45:00,769.1,0.2,Creciente
1243,2026-04-29,07:00:00,769.2,0.1,Creciente
1244,2026-04-29,07:15:00,769.4,0.2,Creciente
1245,2026-04-29,07:30:00,769.6,0.2,Creciente
1246,2026-04-29,07:45:00,769.7,0.1,Creciente
1268,2026-04-29,08:00:00,769.7,0.0,Estable
1269,2026-04-29,08:15:00,769.7,0.0,Estable
1270,2026-04-29,08:30:00,769.8,0.1,Creciente
1271,2026-04-29,08:45:00,769.8,0.0,Estable
1272,2026-04-29,09:00:00,769.7,-0.1,Descendente
1273,2026-04-29,09:15:00,769.7,0.0,Estable
1274,2026-04-29,09:30:00,769.7,0.0,Estable
1275,2026-04-29,09:45:00,769.7,0.0,Estable
1276,2026-04-29,10:00:00,769.6,-0.1,Descendente
1277,2026-04-29,10:15:00,769.6,0.0,Estable
1278,2026-04-29,10:30:00,769.5,-0.1,Descendente
1279,2026-04-29,10:45:00,769.3,-0.2,Descendente
1280,2026-04-29,11:00:00,769.3,0.0,Estable
1281,2026-04-29,11:15:00,769.2,-0.1,Descendente
1282,2026-04-29,11:30:00,769.1,-0.1,Descendente
1283,2026-04-29,13:00:00,767.7,-1.4,Descendente
1284,2026-04-29,13:15:00,767.4,-0.3,Descendente
1285,2026-04-29,13:30:00,767.1,-0.3,Descendente
1286,2026-04-29,13:45:00,767.0,-0.1,Descendente
1287,2026-04-29,14:00:00,766.7,-0.3,Descendente
1288,2026-04-29,15:30:00,765.2,-1.5,Descendente
1289,2026-04-29,15:45:00,765.1,-0.1,Descendente
1290,2026-04-29,16:00:00,764.9,-0.2,Descendente
1291,2026-04-29,16:15:00,764.9,0.0,Estable
1292,2026-04-29,16:30:00,764.8,-0.1,Descendente
1293,2026-04-29,16:45:00,764.7,-0.1,Descendente
1294,2026-04-29,17:00:00,764.7,0.0,Estable
1295,2026-04-29,17:15:00,764.8,0.1,Creciente
1296,2026-04-29,17:30:00,765.0,0.2,Creciente
1297,2026-04-29,17:45:00,765.2,0.2,Creciente
1298,2026-04-29,19:15:00,766.2,1.0,Creciente
1299,2026-04-29,19:30:00,766.4,0.2,Creciente
1300,2026-04-29,19:45:00,766.8,0.4,Creciente
1301,2026-04-29,20:00:00,767.0,0.2,Creciente
1302,2026-04-29,20:15:00,767.1,0.1,Creciente
1303,2026-04-29,20:30:00,767.2,0.1,Creciente
1304,2026-04-29,20:45:00,767.4,0.2,Creciente
1305,2026-04-29,21:00:00,767.4,0.0,Estable
1306,2026-04-29,21:15:00,767.5,0.1,Creciente
1307,2026-04-29,21:30:00,767.7,0.2,Creciente
1308,2026-04-29,21:45:00,767.8,0.1,Creciente
1309,2026-04-29,22:00:00,767.9,0.1,Creciente
1310,2026-04-29,22:15:00,768.1,0.2,Creciente
1311,2026-04-29,22:30:00,768.2,0.1,Creciente
1312,2026-04-29,22:45:00,768.1,-0.1,Descendente
1313,2026-04-30,00:15:00,767.8,-0.3,Descendente
1314,2026-04-30,00:30:00,767.8,0.0,Estable
1315,2026-04-30,00:45:00,767.6,-0.2,Descendente
1316,2026-04-30,01:00:00,767.5,-0.1,Descendente
1317,2026-04-30,01:15:00,767.4,-0.1,Descendente
1318,2026-04-30,06:30:00,767.1,-0.3,Descendente
1319,2026-04-30,06:45:00,767.2,0.1,Creciente
1320,2026-04-30,07:00:00,767.3,0.1,Creciente
1321,2026-04-30,07:15:00,767.4,0.1,Creciente
1322,2026-04-30,07:30:00,767.5,0.1,Creciente
1323,2026-04-30,11:30:00,766.9,-0.6,Descendente
1324,2026-04-30,11:45:00,766.7,-0.2,Descendente
1325,2026-04-30,12:00:00,766.5,-0.2,Descendente
1326,2026-04-30,12:15:00,766.3,-0.2,Descendente
1327,2026-04-30,12:30:00,766.1,-0.2,Descendente
1328,2026-04-30,15:15:00,763.9,-2.2,Descendente
1329,2026-04-30,15:30:00,763.7,-0.2,Descendente
1330,2026-04-30,15:45:00,763.5,-0.2,Descendente
1331,2026-04-30,16:00:00,763.4,-0.1,Descendente
1332,2026-04-30,16:15:00,763.3,-0.1,Descendente
1333,2026-04-30,20:15:00,764.9,1.6,Creciente
1334,2026-04-30,20:30:00,765.0,0.1,Creciente
1335,2026-04-30,20:45:00,765.2,0.2,Creciente
1336,2026-04-30,21:00:00,765.3,0.1,Creciente
1337,2026-04-30,21:15:00,765.5,0.2,Creciente
1338,2026-04-30,22:45:00,766.1,0.6,Creciente
1339,2026-04-30,23:00:00,766.2,0.1,Creciente
1340,2026-04-30,23:15:00,766.3,0.1,Creciente
1341,2026-04-30,23:30:00,766.3,0.0,Estable
1342,2026-04-30,23:45:00,766.2,-0.1,Descendente
1343,2026-05-01,02:30:00,765.5,-0.7,Descendente
1344,2026-05-01,02:45:00,765.3,-0.2,Descendente
1345,2026-05-01,03:00:00,765.3,0.0,Estable
1346,2026-05-01,03:15:00,765.2,-0.1,Descendente
1347,2026-05-01,03:30:00,765.1,-0.1,Descendente
1348,2026-05-01,07:30:00,766.5,1.4,Creciente
1349,2026-05-01,07:45:00,766.5,0.0,Estable
1350,2026-05-01,08:00:00,766.5,0.0,Estable
1351,2026-05-01,08:15:00,766.6,0.1,Creciente
1352,2026-05-01,08:30:00,766.7,0.1,Creciente
1353,2026-05-01,11:15:00,765.9,-0.8,Descendente
1354,2026-05-01,11:30:00,765.8,-0.1,Descendente
1355,2026-05-01,11:45:00,765.7,-0.1,Descendente
1356,2026-05-01,12:00:00,765.5,-0.2,Descendente
1357,2026-05-01,12:15:00,765.2,-0.3,Descendente
1358,2026-05-01,16:15:00,762.5,-2.7,Descendente
1359,2026-05-01,16:30:00,762.4,-0.1,Descendente
1360,2026-05-01,16:45:00,762.4,0.0,Estable
1361,2026-05-01,17:00:00,762.5,0.1,Creciente
1362,2026-05-01,17:15:00,762.7,0.2,Creciente
1363,2026-05-01,20:00:00,764.9,2.2,Creciente
1364,2026-05-01,20:15:00,765.1,0.2,Creciente
1365,2026-05-01,20:30:00,765.4,0.3,Creciente
1366,2026-05-01,20:45:00,765.7,0.3,Creciente
1367,2026-05-01,21:00:00,765.7,0.0,Estable
1368,2026-05-01,21:15:00,766.0,0.3,Creciente
1369,2026-05-01,21:30:00,766.1,0.1,Creciente
1370,2026-05-01,21:45:00,766.2,0.1,Creciente
1371,2026-05-01,22:00:00,766.3,0.1,Creciente
1372,2026-05-01,22:15:00,766.4,0.1,Creciente
1373,2026-05-01,22:30:00,766.5,0.1,Creciente
1374,2026-05-01,22:45:00,766.6,0.1,Creciente
1375,2026-05-01,23:00:00,766.6,0.0,Estable
1376,2026-05-01,23:15:00,766.6,0.0,Estable
1377,2026-05-01,23:30:00,766.6,0.0,Estable
1378,2026-05-02,00:15:00,766.5,-0.1,Descendente
1379,2026-05-02,00:30:00,766.5,0.0,Estable
1380,2026-05-02,00:45:00,766.5,0.0,Estable
1407,2026-05-03,00:15:00,769.5,3.0,Creciente
1408,2026-05-03,00:30:00,769.5,0.0,Estable
1409,2026-05-03,00:45:00,769.5,0.0,Estable
1410,2026-05-03,01:00:00,769.5,0.0,Estable
1411,2026-05-03,01:15:00,769.4,-0.1,Descendente
1412,2026-05-03,01:30:00,769.3,-0.1,Descendente
1413,2026-05-03,01:45:00,769.1,-0.2,Descendente
1414,2026-05-03,02:00:00,769.0,-0.1,Descendente
1415,2026-05-03,02:15:00,769.1,0.1,Creciente
1416,2026-05-03,02:30:00,769.1,0.0,Estable
1417,2026-05-03,02:45:00,769.2,0.1,Creciente
1418,2026-05-03,03:00:00,769.0,-0.2,Descendente
1419,2026-05-03,03:15:00,769.1,0.1,Creciente
1420,2026-05-03,03:30:00,768.9,-0.2,Descendente
1421,2026-05-03,03:45:00,769.0,0.1,Creciente
1422,2026-05-03,04:00:00,768.9,-0.1,Descendente
1423,2026-05-03,04:15:00,768.8,-0.1,Descendente
1424,2026-05-03,04:30:00,769.0,0.2,Creciente
1425,2026-05-03,04:45:00,769.0,0.0,Estable
1426,2026-05-03,05:00:00,769.3,0.3,Creciente
1427,2026-05-03,05:15:00,769.3,0.0,Estable
1428,2026-05-03,05:30:00,769.4,0.1,Creciente
1429,2026-05-03,05:45:00,769.3,-0.1,Descendente
1430,2026-05-03,06:00:00,769.4,0.1,Creciente
1431,2026-05-03,06:15:00,769.4,0.0,Estable
1432,2026-05-03,06:30:00,769.6,0.2,Creciente
1433,2026-05-03,06:45:00,769.8,0.2,Creciente
1434,2026-05-03,07:00:00,770.1,0.3,Creciente
1435,2026-05-03,07:15:00,770.4,0.3,Creciente
1436,2026-05-03,07:30:00,770.4,0.0,Estable
1437,2026-05-03,07:45:00,770.5,0.1,Creciente
1438,2026-05-03,08:00:00,770.5,0.0,Estable
1439,2026-05-03,08:15:00,770.9,0.4,Creciente
1440,2026-05-03,08:30:00,770.9,0.0,Estable
1441,2026-05-03,08:45:00,771.0,0.1,Creciente
1442,2026-05-03,09:00:00,771.0,0.0,Estable
1443,2026-05-03,09:15:00,771.1,0.1,Creciente
1444,2026-05-03,09:30:00,771.2,0.1,Creciente
1445,2026-05-03,09:45:00,771.3,0.1,Creciente
1446,2026-05-03,10:00:00,771.2,-0.1,Descendente
1447,2026-05-03,10:15:00,771.1,-0.1,Descendente
1448,2026-05-03,10:30:00,770.9,-0.2,Descendente
1449,2026-05-03,10:45:00,770.8,-0.1,Descendente
1450,2026-05-03,11:00:00,770.7,-0.1,Descendente
1451,2026-05-03,11:15:00,770.5,-0.2,Descendente
1452,2026-05-03,11:30:00,770.4,-0.1,Descendente
1453,2026-05-03,11:45:00,770.0,-0.4,Descendente
1454,2026-05-03,12:00:00,769.8,-0.2,Descendente
1455,2026-05-03,12:15:00,769.6,-0.2,Descendente
1456,2026-05-03,12:30:00,769.4,-0.2,Descendente
1457,2026-05-03,12:45:00,769.2,-0.2,Descendente
1458,2026-05-03,13:00:00,769.0,-0.2,Descendente
1459,2026-05-03,13:15:00,768.7,-0.3,Descendente
1460,2026-05-03,13:30:00,768.5,-0.2,Descendente
1461,2026-05-03,13:45:00,768.3,-0.2,Descendente
1462,2026-05-03,14:00:00,768.0,-0.3,Descendente
1463,2026-05-03,14:15:00,767.9,-0.1,Descendente
1464,2026-05-03,14:30:00,767.7,-0.2,Descendente
1465,2026-05-03,14:45:00,767.4,-0.3,Descendente
1466,2026-05-03,15:00:00,767.1,-0.3,Descendente
1467,2026-05-03,15:15:00,766.7,-0.4,Descendente
1468,2026-05-03,15:30:00,766.6,-0.1,Descendente
1469,2026-05-03,15:45:00,766.7,0.1,Creciente
1470,2026-05-03,16:00:00,766.7,0.0,Estable
1471,2026-05-03,16:15:00,766.9,0.2,Creciente
1473,2026-05-03,16:30:00,768.1,1.2,Creciente
1474,2026-05-03,16:45:00,768.3,0.2,Creciente
1475,2026-05-03,17:00:00,767.6,-0.7,Descendente
1476,2026-05-03,17:15:00,767.4,-0.2,Descendente
1477,2026-05-03,17:30:00,767.5,0.1,Creciente
1478,2026-05-03,17:45:00,767.6,0.1,Creciente
1479,2026-05-03,18:00:00,768.2,0.6,Creciente
1480,2026-05-03,18:15:00,768.9,0.7,Creciente
1481,2026-05-03,18:30:00,769.2,0.3,Creciente
1482,2026-05-03,18:45:00,769.4,0.2,Creciente
1483,2026-05-03,19:00:00,769.7,0.3,Creciente
1484,2026-05-03,19:15:00,769.7,0.0,Estable
1485,2026-05-03,19:30:00,770.1,0.4,Creciente
1486,2026-05-03,19:45:00,770.4,0.3,Creciente
1487,2026-05-03,20:00:00,770.5,0.1,Creciente
1488,2026-05-03,20:15:00,770.5,0.0,Estable
1489,2026-05-03,20:30:00,770.4,-0.1,Descendente
1490,2026-05-03,20:45:00,770.6,0.2,Creciente
1491,2026-05-03,21:00:00,770.6,0.0,Estable
1492,2026-05-03,21:15:00,770.6,0.0,Estable
1493,2026-05-03,21:30:00,770.6,0.0,Estable
1494,2026-05-03,21:45:00,770.7,0.1,Creciente
1495,2026-05-03,22:00:00,770.8,0.1,Creciente
1496,2026-05-03,22:15:00,770.8,0.0,Estable
1497,2026-05-03,22:30:00,770.9,0.1,Creciente
1498,2026-05-03,22:45:00,770.9,0.0,Estable
1499,2026-05-03,23:00:00,770.8,-0.1,Descendente
1500,2026-05-03,23:15:00,770.7,-0.1,Descendente
1501,2026-05-03,23:30:00,770.5,-0.2,Descendente
1502,2026-05-03,23:45:00,770.5,0.0,Estable
1538,2026-05-04,00:15:00,770.2,-0.3,Descendente
1539,2026-05-04,00:30:00,770.0,-0.2,Descendente
1540,2026-05-04,00:45:00,770.0,0.0,Estable
1541,2026-05-04,01:00:00,770.0,0.0,Estable
1542,2026-05-04,01:15:00,769.7,-0.3,Descendente
1543,2026-05-04,01:30:00,769.6,-0.1,Descendente
1544,2026-05-04,01:45:00,769.6,0.0,Estable
1545,2026-05-04,02:00:00,769.4,-0.2,Descendente
1546,2026-05-04,02:15:00,769.3,-0.1,Descendente
1547,2026-05-04,02:30:00,769.2,-0.1,Descendente
1548,2026-05-04,02:45:00,769.2,0.0,Estable
1549,2026-05-04,03:00:00,769.0,-0.2,Descendente
1550,2026-05-04,03:15:00,769.2,0.2,Creciente
1551,2026-05-04,03:30:00,768.9,-0.3,Descendente
1552,2026-05-04,03:45:00,769.0,0.1,Creciente
1553,2026-05-04,04:00:00,769.0,0.0,Estable
1554,2026-05-04,04:15:00,769.0,0.0,Estable
1555,2026-05-04,04:30:00,768.9,-0.1,Descendente
1556,2026-05-04,04:45:00,769.0,0.1,Creciente
1557,2026-05-04,05:00:00,769.2,0.2,Creciente
1558,2026-05-04,05:15:00,769.2,0.0,Estable
1559,2026-05-04,05:30:00,769.2,0.0,Estable
1560,2026-05-04,05:45:00,769.5,0.3,Creciente
1561,2026-05-04,06:00:00,769.7,0.2,Creciente
1562,2026-05-04,06:15:00,769.8,0.1,Creciente
1563,2026-05-04,06:30:00,770.0,0.2,Creciente
1564,2026-05-04,06:45:00,770.2,0.2,Creciente
1565,2026-05-04,07:00:00,770.1,-0.1,Descendente
1566,2026-05-04,07:15:00,770.3,0.2,Creciente
1567,2026-05-04,07:30:00,770.4,0.1,Creciente
1568,2026-05-04,07:45:00,770.3,-0.1,Descendente
1569,2026-05-04,08:00:00,770.5,0.2,Creciente
1570,2026-05-04,08:15:00,770.6,0.1,Creciente
1571,2026-05-04,08:30:00,770.6,0.0,Estable
1572,2026-05-04,08:45:00,770.8,0.2,Creciente
1573,2026-05-04,09:00:00,770.6,-0.2,Descendente
1574,2026-05-04,09:15:00,770.6,0.0,Estable
1575,2026-05-04,09:30:00,770.6,0.0,Estable
1576,2026-05-04,09:45:00,770.4,-0.2,Descendente
1577,2026-05-04,10:00:00,770.4,0.0,Estable
1578,2026-05-04,10:15:00,770.4,0.0,Estable
1579,2026-05-04,10:30:00,770.2,-0.2,Descendente
1580,2026-05-04,10:45:00,770.0,-0.2,Descendente
1581,2026-05-04,11:00:00,769.9,-0.1,Descendente
1582,2026-05-04,11:15:00,769.8,-0.1,Descendente
1583,2026-05-04,11:30:00,769.7,-0.1,Descendente
1584,2026-05-04,11:45:00,769.5,-0.2,Descendente
1585,2026-05-04,12:00:00,769.3,-0.2,Descendente
1586,2026-05-04,12:15:00,769.2,-0.1,Descendente
1587,2026-05-04,12:30:00,768.8,-0.4,Descendente
1588,2026-05-04,12:45:00,768.7,-0.1,Descendente
1589,2026-05-04,13:00:00,768.5,-0.2,Descendente
1590,2026-05-04,13:15:00,768.3,-0.2,Descendente
1591,2026-05-04,13:30:00,768.0,-0.3,Descendente
1592,2026-05-04,13:45:00,767.7,-0.3,Descendente
1593,2026-05-04,14:00:00,767.6,-0.1,Descendente
1594,2026-05-04,14:15:00,767.4,-0.2,Descendente
1595,2026-05-04,14:30:00,767.3,-0.1,Descendente
1596,2026-05-04,14:45:00,767.1,-0.2,Descendente
1597,2026-05-04,15:00:00,766.9,-0.2,Descendente
1598,2026-05-04,15:15:00,766.7,-0.2,Descendente
1599,2026-05-04,15:30:00,766.6,-0.1,Descendente
1600,2026-05-04,15:45:00,766.5,-0.1,Descendente
1601,2026-05-04,16:00:00,766.5,0.0,Estable
1602,2026-05-04,16:15:00,766.4,-0.1,Descendente
1603,2026-05-04,16:30:00,766.4,0.0,Estable
1604,2026-05-04,16:45:00,766.3,-0.1,Descendente
1605,2026-05-04,17:00:00,766.3,0.0,Estable
1606,2026-05-04,17:15:00,766.4,0.1,Creciente
1607,2026-05-04,17:30:00,766.4,0.0,Estable
1608,2026-05-04,17:45:00,766.4,0.0,Estable
1609,2026-05-04,18:00:00,766.5,0.1,Creciente
1610,2026-05-04,18:15:00,766.8,0.3,Creciente
1611,2026-05-04,18:30:00,766.9,0.1,Creciente
1612,2026-05-04,18:45:00,767.0,0.1,Creciente
1613,2026-05-04,19:00:00,767.2,0.2,Creciente
1614,2026-05-04,19:15:00,767.4,0.2,Creciente
1615,2026-05-04,19:30:00,767.4,0.0,Estable
1616,2026-05-04,19:45:00,767.6,0.2,Creciente
1617,2026-05-04,20:00:00,767.6,0.0,Estable
1618,2026-05-04,20:15:00,767.9,0.3,Creciente
1619,2026-05-04,20:30:00,768.0,0.1,Creciente
1620,2026-05-04,20:45:00,768.2,0.2,Creciente
1621,2026-05-04,21:00:00,768.4,0.2,Creciente
1622,2026-05-04,21:15:00,768.5,0.1,Creciente
1623,2026-05-04,21:30:00,768.6,0.1,Creciente
1624,2026-05-04,21:45:00,768.5,-0.1,Descendente
1625,2026-05-04,22:00:00,768.6,0.1,Creciente
1626,2026-05-04,22:15:00,768.6,0.0,Estable
1627,2026-05-04,22:30:00,768.7,0.1,Creciente
1628,2026-05-04,22:45:00,768.7,0.0,Estable
1629,2026-05-04,23:00:00,768.7,0.0,Estable
1630,2026-05-04,23:15:00,768.6,-0.1,Descendente
1631,2026-05-04,23:30:00,768.5,-0.1,Descendente
1632,2026-05-04,23:45:00,768.4,-0.1,Descendente
1633,2026-05-05,00:15:00,768.3,-0.1,Descendente
1634,2026-05-05,00:30:00,768.4,0.1,Creciente
1635,2026-05-05,00:45:00,768.3,-0.1,Descendente
1636,2026-05-05,01:00:00,768.3,0.0,Estable
1637,2026-05-05,01:15:00,768.2,-0.1,Descendente
1638,2026-05-05,01:30:00,768.1,-0.1,Descendente
1639,2026-05-05,01:45:00,768.0,-0.1,Descendente
1640,2026-05-05,02:00:00,767.9,-0.1,Descendente
1641,2026-05-05,02:15:00,767.9,0.0,Estable
1642,2026-05-05,02:30:00,767.9,0.0,Estable
1643,2026-05-05,02:45:00,767.9,0.0,Estable
1644,2026-05-05,03:00:00,767.8,-0.1,Descendente
1645,2026-05-05,03:15:00,767.9,0.1,Creciente
1646,2026-05-05,03:30:00,767.9,0.0,Estable
1647,2026-05-05,03:45:00,767.9,0.0,Estable
1648,2026-05-05,04:00:00,768.0,0.1,Creciente
1649,2026-05-05,04:15:00,768.0,0.0,Estable
1650,2026-05-05,04:30:00,768.1,0.1,Creciente
1651,2026-05-05,04:45:00,768.1,0.0,Estable
1652,2026-05-05,05:00:00,768.3,0.2,Creciente
1653,2026-05-05,05:15:00,768.3,0.0,Estable
1654,2026-05-05,05:30:00,768.5,0.2,Creciente
1655,2026-05-05,05:45:00,768.6,0.1,Creciente
1656,2026-05-05,06:00:00,768.7,0.1,Creciente
1657,2026-05-05,06:15:00,768.8,0.1,Creciente
1658,2026-05-05,06:30:00,769.0,0.2,Creciente
1659,2026-05-05,06:45:00,769.1,0.1,Creciente
1660,2026-05-05,07:00:00,769.3,0.2,Creciente
1661,2026-05-05,07:15:00,769.4,0.1,Creciente
1662,2026-05-05,07:30:00,769.6,0.2,Creciente
1663,2026-05-05,07:45:00,769.7,0.1,Creciente
1664,2026-05-05,08:00:00,769.9,0.2,Creciente
1665,2026-05-05,08:15:00,769.8,-0.1,Descendente
1666,2026-05-05,08:30:00,769.9,0.1,Creciente
1667,2026-05-05,08:45:00,769.9,0.0,Estable
1668,2026-05-05,09:00:00,769.9,0.0,Estable
1669,2026-05-05,09:15:00,769.8,-0.1,Descendente
1670,2026-05-05,09:30:00,769.8,0.0,Estable
1671,2026-05-05,09:45:00,769.7,-0.1,Descendente
1672,2026-05-05,10:00:00,769.7,0.0,Estable
1673,2026-05-05,10:15:00,769.5,-0.2,Descendente
1674,2026-05-05,10:30:00,769.3,-0.2,Descendente
1675,2026-05-05,10:45:00,769.3,0.0,Estable
1676,2026-05-05,11:00:00,769.0,-0.3,Descendente
1677,2026-05-05,11:15:00,768.9,-0.1,Descendente
1678,2026-05-05,11:30:00,768.8,-0.1,Descendente
1679,2026-05-05,11:45:00,768.7,-0.1,Descendente
1680,2026-05-05,12:00:00,768.3,-0.4,Descendente
1681,2026-05-05,12:15:00,768.2,-0.1,Descendente
1682,2026-05-05,12:30:00,768.1,-0.1,Descendente
1683,2026-05-05,12:45:00,767.9,-0.2,Descendente
1684,2026-05-05,13:00:00,767.7,-0.2,Descendente
1685,2026-05-05,13:15:00,767.5,-0.2,Descendente
1686,2026-05-05,13:30:00,767.4,-0.1,Descendente
1687,2026-05-05,13:45:00,767.1,-0.3,Descendente
1688,2026-05-05,14:00:00,766.9,-0.2,Descendente
1689,2026-05-05,14:15:00,766.9,0.0,Estable
1690,2026-05-05,14:30:00,766.5,-0.4,Descendente
1691,2026-05-05,14:45:00,766.3,-0.2,Descendente
1692,2026-05-05,15:00:00,766.3,0.0,Estable
1693,2026-05-05,15:15:00,766.2,-0.1,Descendente
1694,2026-05-05,15:30:00,766.3,0.1,Creciente
1695,2026-05-05,15:45:00,766.3,0.0,Estable
1696,2026-05-05,16:00:00,766.1,-0.2,Descendente
1697,2026-05-05,16:15:00,766.1,0.0,Estable
1698,2026-05-05,16:30:00,766.0,-0.1,Descendente
1699,2026-05-05,16:45:00,765.9,-0.1,Descendente
1700,2026-05-05,17:00:00,765.8,-0.1,Descendente
1701,2026-05-05,17:15:00,765.9,0.1,Creciente
1702,2026-05-05,17:30:00,766.0,0.1,Creciente
1703,2026-05-05,17:45:00,766.3,0.3,Creciente
1704,2026-05-05,18:00:00,766.5,0.2,Creciente
1705,2026-05-05,18:15:00,766.6,0.1,Creciente
1706,2026-05-05,18:30:00,766.7,0.1,Creciente
1707,2026-05-05,18:45:00,766.9,0.2,Creciente
1708,2026-05-05,19:00:00,767.1,0.2,Creciente
1709,2026-05-05,19:15:00,767.3,0.2,Creciente
1710,2026-05-05,19:30:00,767.4,0.1,Creciente
1711,2026-05-05,19:45:00,767.6,0.2,Creciente
1712,2026-05-05,20:00:00,768.0,0.4,Creciente
1713,2026-05-05,20:15:00,768.2,0.2,Creciente
1714,2026-05-05,20:30:00,768.5,0.3,Creciente
1715,2026-05-05,20:45:00,768.8,0.3,Creciente
1716,2026-05-05,21:00:00,768.9,0.1,Creciente
1717,2026-05-05,21:15:00,769.1,0.2,Creciente
1718,2026-05-05,21:30:00,769.3,0.2,Creciente
1719,2026-05-05,21:45:00,769.5,0.2,Creciente
1720,2026-05-05,22:00:00,769.6,0.1,Creciente
1721,2026-05-05,22:15:00,769.8,0.2,Creciente
1722,2026-05-05,22:30:00,769.8,0.0,Estable
1723,2026-05-05,22:45:00,769.9,0.1,Creciente
1724,2026-05-05,23:00:00,769.7,-0.2,Descendente
1725,2026-05-05,23:15:00,769.7,0.0,Estable
1726,2026-05-05,23:30:00,769.7,0.0,Estable
1727,2026-05-05,23:45:00,769.7,0.0,Estable
1918,2026-05-06,00:15:00,769.5,-0.2,Descendente
1919,2026-05-06,00:30:00,769.4,-0.1,Descendente
1920,2026-05-06,00:45:00,769.2,-0.2,Descendente
1921,2026-05-06,01:00:00,769.2,0.0,Estable
1922,2026-05-06,01:15:00,769.2,0.0,Estable
1923,2026-05-06,01:30:00,769.1,-0.1,Descendente
1924,2026-05-06,01:45:00,768.9,-0.2,Descendente
1925,2026-05-06,02:00:00,768.8,-0.1,Descendente
1926,2026-05-06,02:15:00,768.7,-0.1,Descendente
1927,2026-05-06,02:30:00,768.7,0.0,Estable
1928,2026-05-06,02:45:00,768.6,-0.1,Descendente
1929,2026-05-06,03:00:00,768.5,-0.1,Descendente
1930,2026-05-06,03:15:00,768.6,0.1,Creciente
1931,2026-05-06,03:30:00,768.5,-0.1,Descendente
1932,2026-05-06,03:45:00,768.5,0.0,Estable
1933,2026-05-06,04:00:00,768.5,0.0,Estable
1934,2026-05-06,04:15:00,768.6,0.1,Creciente
1935,2026-05-06,04:30:00,768.6,0.0,Estable
1936,2026-05-06,04:45:00,768.6,0.0,Estable
1937,2026-05-06,05:00:00,768.7,0.1,Creciente
1938,2026-05-06,05:15:00,768.8,0.1,Creciente
1939,2026-05-06,05:30:00,768.8,0.0,Estable
1940,2026-05-06,05:45:00,768.8,0.0,Estable
1941,2026-05-06,06:00:00,768.9,0.1,Creciente
1942,2026-05-06,06:15:00,769.0,0.1,Creciente
1943,2026-05-06,06:30:00,769.0,0.0,Estable
1944,2026-05-06,06:45:00,769.0,0.0,Estable
1945,2026-05-06,07:00:00,769.2,0.2,Creciente
1946,2026-05-06,07:15:00,769.1,-0.1,Descendente
1947,2026-05-06,07:30:00,769.1,0.0,Estable
1948,2026-05-06,07:45:00,769.2,0.1,Creciente
1949,2026-05-06,08:00:00,769.2,0.0,Estable
1950,2026-05-06,08:15:00,769.1,-0.1,Descendente
1951,2026-05-06,08:30:00,769.2,0.1,Creciente
1952,2026-05-06,08:45:00,769.2,0.0,Estable
1953,2026-05-06,09:00:00,769.2,0.0,Estable
1954,2026-05-06,09:15:00,769.2,0.0,Estable
1955,2026-05-06,09:30:00,769.1,-0.1,Descendente
1956,2026-05-06,09:45:00,769.1,0.0,Estable
1957,2026-05-06,10:00:00,769.1,0.0,Estable
1958,2026-05-06,10:15:00,769.1,0.0,Estable
1959,2026-05-06,10:30:00,768.9,-0.2,Descendente
1960,2026-05-06,10:45:00,768.8,-0.1,Descendente
1961,2026-05-06,11:00:00,768.7,-0.1,Descendente
1962,2026-05-06,11:15:00,768.5,-0.2,Descendente
1963,2026-05-06,11:30:00,768.4,-0.1,Descendente
1964,2026-05-06,11:45:00,768.2,-0.2,Descendente
1965,2026-05-06,12:00:00,768.1,-0.1,Descendente
1966,2026-05-06,12:15:00,767.9,-0.2,Descendente
1967,2026-05-06,12:30:00,767.7,-0.2,Descendente
1968,2026-05-06,12:45:00,767.4,-0.3,Descendente
1969,2026-05-06,13:00:00,767.2,-0.2,Descendente
1970,2026-05-06,13:15:00,767.0,-0.2,Descendente
1971,2026-05-06,13:30:00,766.7,-0.3,Descendente
1972,2026-05-06,13:45:00,766.4,-0.3,Descendente
1973,2026-05-06,14:00:00,766.2,-0.2,Descendente
1974,2026-05-06,14:15:00,765.9,-0.3,Descendente
1975,2026-05-06,14:30:00,765.7,-0.2,Descendente
1976,2026-05-06,14:45:00,765.5,-0.2,Descendente
1977,2026-05-06,15:00:00,765.3,-0.2,Descendente
1978,2026-05-06,15:15:00,765.4,0.1,Creciente
1979,2026-05-06,15:30:00,765.3,-0.1,Descendente
1980,2026-05-06,15:45:00,765.4,0.1,Creciente
1981,2026-05-06,16:00:00,765.2,-0.2,Descendente
1982,2026-05-06,16:15:00,765.2,0.0,Estable
1983,2026-05-06,16:30:00,765.4,0.2,Creciente
1984,2026-05-06,16:45:00,765.5,0.1,Creciente
1985,2026-05-06,17:00:00,765.4,-0.1,Descendente
1986,2026-05-06,17:15:00,765.7,0.3,Creciente
1987,2026-05-06,17:30:00,766.3,0.6,Creciente
1988,2026-05-06,17:45:00,766.8,0.5,Creciente
1989,2026-05-06,18:00:00,766.9,0.1,Creciente
1990,2026-05-06,18:15:00,767.0,0.1,Creciente
1991,2026-05-06,18:30:00,767.1,0.1,Creciente
1992,2026-05-06,18:45:00,767.4,0.3,Creciente
1993,2026-05-06,19:00:00,768.1,0.7,Creciente
1994,2026-05-06,19:15:00,768.4,0.3,Creciente
1995,2026-05-06,19:30:00,768.9,0.5,Creciente
1996,2026-05-06,19:45:00,769.3,0.4,Creciente
1997,2026-05-06,20:00:00,769.4,0.1,Creciente
1998,2026-05-06,20:15:00,769.4,0.0,Estable
1999,2026-05-06,20:30:00,769.5,0.1,Creciente
2000,2026-05-06,20:45:00,769.7,0.2,Creciente
2001,2026-05-06,21:00:00,769.7,0.0,Estable
2002,2026-05-06,21:15:00,769.9,0.2,Creciente
2003,2026-05-06,21:30:00,769.9,0.0,Estable
2004,2026-05-06,21:45:00,770.1,0.2,Creciente
2005,2026-05-06,22:00:00,770.3,0.2,Creciente
2006,2026-05-06,22:15:00,770.3,0.0,Estable
2007,2026-05-06,22:30:00,770.3,0.0,Estable
2008,2026-05-06,22:45:00,770.3,0.0,Estable
2009,2026-05-06,23:00:00,770.1,-0.2,Descendente
2010,2026-05-06,23:15:00,770.0,-0.1,Descendente
2011,2026-05-06,23:30:00,770.0,0.0,Estable
2012,2026-05-06,23:45:00,769.8,-0.2,Descendente
2013,2026-05-07,00:15:00,769.7,-0.1,Descendente
2014,2026-05-07,00:30:00,769.7,0.0,Estable
2015,2026-05-07,00:45:00,769.6,-0.1,Descendente
2016,2026-05-07,01:00:00,769.4,-0.2,Descendente
2017,2026-05-07,01:15:00,769.3,-0.1,Descendente
2018,2026-05-07,01:30:00,769.1,-0.2,Descendente
2019,2026-05-07,01:45:00,769.0,-0.1,Descendente
2020,2026-05-07,02:00:00,768.9,-0.1,Descendente
2021,2026-05-07,02:15:00,768.7,-0.2,Descendente
2022,2026-05-07,02:30:00,768.6,-0.1,Descendente
2023,2026-05-07,02:45:00,768.5,-0.1,Descendente
2024,2026-05-07,03:00:00,768.3,-0.2,Descendente
2025,2026-05-07,03:15:00,768.3,0.0,Estable
2026,2026-05-07,03:30:00,768.2,-0.1,Descendente
2027,2026-05-07,03:45:00,768.2,0.0,Estable
2028,2026-05-07,04:00:00,768.3,0.1,Creciente
2029,2026-05-07,04:15:00,768.4,0.1,Creciente
2030,2026-05-07,04:30:00,768.5,0.1,Creciente
2031,2026-05-07,04:45:00,768.6,0.1,Creciente
2032,2026-05-07,05:00:00,768.7,0.1,Creciente
2033,2026-05-07,05:15:00,768.8,0.1,Creciente
2034,2026-05-07,05:30:00,768.8,0.0,Estable
2035,2026-05-07,05:45:00,769.0,0.2,Creciente
2036,2026-05-07,06:00:00,769.2,0.2,Creciente
2037,2026-05-07,06:15:00,769.3,0.1,Creciente
2038,2026-05-07,06:30:00,769.4,0.1,Creciente
2039,2026-05-07,06:45:00,769.5,0.1,Creciente
2040,2026-05-07,07:00:00,769.5,0.0,Estable
2041,2026-05-07,07:15:00,769.7,0.2,Creciente
2042,2026-05-07,07:30:00,769.8,0.1,Creciente
2043,2026-05-07,07:45:00,770.0,0.2,Creciente
2044,2026-05-07,08:00:00,770.0,0.0,Estable
2045,2026-05-07,08:15:00,770.0,0.0,Estable
2046,2026-05-07,08:30:00,770.0,0.0,Estable
2047,2026-05-07,08:45:00,769.9,-0.1,Descendente
2048,2026-05-07,09:00:00,769.8,-0.1,Descendente
2049,2026-05-07,09:15:00,769.7,-0.1,Descendente
2050,2026-05-07,09:30:00,769.6,-0.1,Descendente
2051,2026-05-07,09:45:00,769.5,-0.1,Descendente
2052,2026-05-07,10:00:00,769.4,-0.1,Descendente
2053,2026-05-07,10:15:00,769.3,-0.1,Descendente
2054,2026-05-07,10:30:00,769.2,-0.1,Descendente
2055,2026-05-07,10:45:00,769.1,-0.1,Descendente
2056,2026-05-07,11:00:00,769.1,0.0,Estable
2057,2026-05-07,11:15:00,769.0,-0.1,Descendente
2058,2026-05-07,11:30:00,768.8,-0.2,Descendente
2059,2026-05-07,11:45:00,768.8,0.0,Estable
2060,2026-05-07,12:00:00,768.6,-0.2,Descendente
2061,2026-05-07,12:15:00,768.4,-0.2,Descendente
2062,2026-05-07,12:30:00,768.1,-0.3,Descendente
2063,2026-05-07,12:45:00,767.7,-0.4,Descendente
2064,2026-05-07,13:00:00,767.4,-0.3,Descendente
2065,2026-05-07,13:15:00,767.3,-0.1,Descendente
2066,2026-05-07,13:30:00,767.1,-0.2,Descendente
2067,2026-05-07,13:45:00,766.9,-0.2,Descendente
2068,2026-05-07,14:00:00,766.6,-0.3,Descendente
2069,2026-05-07,14:15:00,766.4,-0.2,Descendente
2070,2026-05-07,14:30:00,766.2,-0.2,Descendente
2071,2026-05-07,14:45:00,765.9,-0.3,Descendente
2072,2026-05-07,15:00:00,765.8,-0.1,Descendente
2073,2026-05-07,15:15:00,765.7,-0.1,Descendente
2074,2026-05-07,15:30:00,765.6,-0.1,Descendente
2075,2026-05-07,15:45:00,765.5,-0.1,Descendente
2076,2026-05-07,16:00:00,765.3,-0.2,Descendente
2077,2026-05-07,16:15:00,765.2,-0.1,Descendente
2078,2026-05-07,16:30:00,765.1,-0.1,Descendente
2079,2026-05-07,16:45:00,765.3,0.2,Creciente
2080,2026-05-07,17:00:00,765.3,0.0,Estable
2081,2026-05-07,17:15:00,765.5,0.2,Creciente
2082,2026-05-07,17:30:00,765.6,0.1,Creciente
2083,2026-05-07,17:45:00,766.2,0.6,Creciente
2084,2026-05-07,18:00:00,766.5,0.3,Creciente
2085,2026-05-07,18:15:00,766.7,0.2,Creciente
2086,2026-05-07,18:30:00,767.4,0.7,Creciente
2087,2026-05-07,18:45:00,767.3,-0.1,Descendente
2088,2026-05-07,19:00:00,767.1,-0.2,Descendente
2089,2026-05-07,19:15:00,767.5,0.4,Creciente
2090,2026-05-07,19:30:00,767.4,-0.1,Descendente
2091,2026-05-07,19:45:00,767.6,0.2,Creciente
2092,2026-05-07,20:00:00,768.2,0.6,Creciente
2093,2026-05-07,20:15:00,768.6,0.4,Creciente
2094,2026-05-07,20:30:00,768.8,0.2,Creciente
2095,2026-05-07,20:45:00,768.9,0.1,Creciente
2096,2026-05-07,21:00:00,769.0,0.1,Creciente
2097,2026-05-07,21:15:00,768.9,-0.1,Descendente
2098,2026-05-07,21:30:00,769.1,0.2,Creciente
2099,2026-05-07,21:45:00,769.4,0.3,Creciente
2100,2026-05-07,22:00:00,769.5,0.1,Creciente
2101,2026-05-07,22:15:00,770.0,0.5,Creciente
2102,2026-05-07,22:30:00,769.6,-0.4,Descendente
2103,2026-05-07,22:45:00,769.4,-0.2,Descendente
2104,2026-05-07,23:00:00,769.7,0.3,Creciente
2105,2026-05-07,23:15:00,769.4,-0.3,Descendente
2106,2026-05-07,23:30:00,769.4,0.0,Estable
2107,2026-05-07,23:45:00,769.3,-0.1,Descendente
2108,2026-05-08,00:15:00,769.0,-0.3,Descendente
2109,2026-05-08,00:30:00,769.0,0.0,Estable
2110,2026-05-08,00:45:00,768.8,-0.2,Descendente
2111,2026-05-08,01:00:00,768.5,-0.3,Descendente
2112,2026-05-08,01:15:00,768.4,-0.1,Descendente
2113,2026-05-08,01:30:00,768.1,-0.3,Descendente
2114,2026-05-08,01:45:00,767.9,-0.2,Descendente
2115,2026-05-08,02:00:00,767.9,0.0,Estable
2116,2026-05-08,02:15:00,767.9,0.0,Estable
2117,2026-05-08,02:30:00,767.8,-0.1,Descendente
2118,2026-05-08,02:45:00,767.8,0.0,Estable
2119,2026-05-08,03:00:00,767.7,-0.1,Descendente
2120,2026-05-08,03:15:00,767.5,-0.2,Descendente
2121,2026-05-08,03:30:00,767.6,0.1,Creciente
2122,2026-05-08,03:45:00,767.7,0.1,Creciente
2123,2026-05-08,04:00:00,767.7,0.0,Estable
2124,2026-05-08,04:15:00,767.8,0.1,Creciente
2125,2026-05-08,04:30:00,767.8,0.0,Estable
2126,2026-05-08,04:45:00,767.9,0.1,Creciente
2127,2026-05-08,05:00:00,767.8,-0.1,Descendente
2128,2026-05-08,05:15:00,767.9,0.1,Creciente
2129,2026-05-08,05:30:00,767.9,0.0,Estable
2130,2026-05-08,05:45:00,768.0,0.1,Creciente
2131,2026-05-08,06:00:00,768.1,0.1,Creciente
2132,2026-05-08,06:15:00,768.2,0.1,Creciente
2133,2026-05-08,06:30:00,768.3,0.1,Creciente
2134,2026-05-08,06:45:00,768.2,-0.1,Descendente
2135,2026-05-08,07:00:00,768.4,0.2,Creciente
2136,2026-05-08,07:15:00,768.3,-0.1,Descendente
2137,2026-05-08,07:30:00,768.3,0.0,Estable
2138,2026-05-08,07:45:00,768.4,0.1,Creciente
2139,2026-05-08,08:00:00,768.3,-0.1,Descendente
2140,2026-05-08,08:15:00,768.3,0.0,Estable
2141,2026-05-08,08:30:00,768.3,0.0,Estable
2142,2026-05-08,08:45:00,768.3,0.0,Estable
2143,2026-05-08,09:00:00,768.2,-0.1,Descendente
2144,2026-05-08,09:15:00,768.1,-0.1,Descendente
2145,2026-05-08,09:30:00,768.0,-0.1,Descendente
2146,2026-05-08,09:45:00,767.9,-0.1,Descendente
2147,2026-05-08,10:00:00,767.7,-0.2,Descendente
2148,2026-05-08,10:15:00,767.5,-0.2,Descendente
2149,2026-05-08,10:30:00,767.4,-0.1,Descendente
2150,2026-05-08,10:45:00,767.1,-0.3,Descendente
2151,2026-05-08,11:00:00,766.9,-0.2,Descendente
2152,2026-05-08,11:15:00,766.9,0.0,Estable
2153,2026-05-08,11:30:00,766.7,-0.2,Descendente
2154,2026-05-08,11:45:00,766.5,-0.2,Descendente
2155,2026-05-08,12:00:00,766.3,-0.2,Descendente
2156,2026-05-08,12:15:00,766.0,-0.3,Descendente
2157,2026-05-08,12:30:00,765.9,-0.1,Descendente
2158,2026-05-08,12:45:00,765.6,-0.3,Descendente
2159,2026-05-08,13:00:00,765.7,0.1,Creciente
2160,2026-05-08,13:15:00,765.4,-0.3,Descendente
2161,2026-05-08,13:30:00,765.4,0.0,Estable
2162,2026-05-08,13:45:00,765.6,0.2,Creciente
2163,2026-05-08,14:00:00,765.4,-0.2,Descendente
2164,2026-05-08,14:15:00,765.5,0.1,Creciente
2165,2026-05-08,14:30:00,766.1,0.6,Creciente
2166,2026-05-08,14:45:00,765.7,-0.4,Descendente
2167,2026-05-08,15:00:00,765.5,-0.2,Descendente
2168,2026-05-08,15:15:00,765.2,-0.3,Descendente
2169,2026-05-08,15:30:00,765.3,0.1,Creciente
2170,2026-05-08,15:45:00,765.4,0.1,Creciente
2171,2026-05-08,16:00:00,765.4,0.0,Estable
2172,2026-05-08,16:15:00,765.0,-0.4,Descendente
2173,2026-05-08,16:30:00,765.2,0.2,Creciente
2174,2026-05-08,16:45:00,765.3,0.1,Creciente
2175,2026-05-08,17:00:00,765.3,0.0,Estable
2176,2026-05-08,17:15:00,765.4,0.1,Creciente
2177,2026-05-08,17:30:00,765.6,0.2,Creciente
2178,2026-05-08,17:45:00,765.7,0.1,Creciente
2179,2026-05-08,18:00:00,766.1,0.4,Creciente
2180,2026-05-08,18:15:00,766.4,0.3,Creciente
2181,2026-05-08,18:30:00,766.5,0.1,Creciente
2182,2026-05-08,18:45:00,766.6,0.1,Creciente
2183,2026-05-08,19:00:00,766.7,0.1,Creciente
2184,2026-05-08,19:15:00,766.8,0.1,Creciente
2185,2026-05-08,19:30:00,767.0,0.2,Creciente
2186,2026-05-08,19:45:00,767.2,0.2,Creciente
2187,2026-05-08,20:00:00,767.4,0.2,Creciente
2188,2026-05-08,20:15:00,767.9,0.5,Creciente
2189,2026-05-08,20:30:00,767.9,0.0,Estable
2190,2026-05-08,20:45:00,768.3,0.4,Creciente
2191,2026-05-08,21:00:00,768.4,0.1,Creciente
2192,2026-05-08,21:15:00,768.7,0.3,Creciente
2193,2026-05-08,21:30:00,768.9,0.2,Creciente
2194,2026-05-08,21:45:00,769.1,0.2,Creciente
2195,2026-05-08,22:00:00,769.1,0.0,Estable
2196,2026-05-08,22:15:00,769.1,0.0,Estable
2197,2026-05-08,22:30:00,769.0,-0.1,Descendente
2198,2026-05-08,22:45:00,769.0,0.0,Estable
2199,2026-05-08,23:00:00,768.8,-0.2,Descendente
2200,2026-05-08,23:15:00,768.8,0.0,Estable
2201,2026-05-08,23:30:00,768.6,-0.2,Descendente
2202,2026-05-08,23:45:00,768.6,0.0,Estable
2203,2026-05-09,00:15:00,768.3,-0.3,Descendente
2204,2026-05-09,00:30:00,768.3,0.0,Estable
2205,2026-05-09,00:45:00,768.1,-0.2,Descendente
2206,2026-05-09,01:00:00,767.9,-0.2,Descendente
2207,2026-05-09,01:15:00,767.6,-0.3,Descendente
2208,2026-05-09,01:30:00,767.6,0.0,Estable
2209,2026-05-09,01:45:00,767.5,-0.1,Descendente
2210,2026-05-09,02:00:00,767.4,-0.1,Descendente
2211,2026-05-09,02:15:00,767.4,0.0,Estable
2212,2026-05-09,02:30:00,767.3,-0.1,Descendente
2213,2026-05-09,02:45:00,767.2,-0.1,Descendente
2214,2026-05-09,03:00:00,767.1,-0.1,Descendente
2215,2026-05-09,03:15:00,767.1,0.0,Estable
2216,2026-05-09,03:30:00,766.9,-0.2,Descendente
2217,2026-05-09,03:45:00,767.0,0.1,Creciente
2218,2026-05-09,04:00:00,767.0,0.0,Estable
2219,2026-05-09,04:15:00,767.1,0.1,Creciente
2220,2026-05-09,04:30:00,767.1,0.0,Estable
2221,2026-05-09,04:45:00,767.2,0.1,Creciente
2222,2026-05-09,05:00:00,767.1,-0.1,Descendente
2223,2026-05-09,05:15:00,767.1,0.0,Estable
2224,2026-05-09,05:30:00,767.2,0.1,Creciente
2225,2026-05-09,05:45:00,767.4,0.2,Creciente
2226,2026-05-09,06:00:00,767.4,0.0,Estable
2227,2026-05-09,06:15:00,767.4,0.0,Estable
2228,2026-05-09,06:30:00,767.7,0.3,Creciente
2229,2026-05-09,06:45:00,767.8,0.1,Creciente
2230,2026-05-09,07:00:00,767.8,0.0,Estable
2231,2026-05-09,07:15:00,767.9,0.1,Creciente
2232,2026-05-09,07:30:00,768.0,0.1,Creciente
2233,2026-05-09,07:45:00,768.0,0.0,Estable
2234,2026-05-09,08:00:00,768.2,0.2,Creciente
2235,2026-05-09,08:15:00,768.2,0.0,Estable
2236,2026-05-09,08:30:00,768.3,0.1,Creciente
2237,2026-05-09,08:45:00,768.2,-0.1,Descendente
2238,2026-05-09,09:00:00,768.1,-0.1,Descendente
2239,2026-05-09,09:15:00,768.1,0.0,Estable
2240,2026-05-09,09:30:00,768.1,0.0,Estable
2241,2026-05-09,09:45:00,768.1,0.0,Estable
2242,2026-05-09,10:00:00,767.9,-0.2,Descendente
2243,2026-05-09,10:15:00,767.8,-0.1,Descendente
2244,2026-05-09,10:30:00,767.7,-0.1,Descendente
2245,2026-05-09,10:45:00,767.6,-0.1,Descendente
2246,2026-05-09,11:00:00,767.5,-0.1,Descendente
2247,2026-05-09,11:15:00,767.4,-0.1,Descendente
2248,2026-05-09,11:30:00,767.4,0.0,Estable
2249,2026-05-09,11:45:00,767.3,-0.1,Descendente
2250,2026-05-09,12:00:00,767.1,-0.2,Descendente
2251,2026-05-09,12:15:00,767.1,0.0,Estable
2252,2026-05-09,12:30:00,767.0,-0.1,Descendente
2253,2026-05-09,12:45:00,766.9,-0.1,Descendente
2254,2026-05-09,13:00:00,766.6,-0.3,Descendente
2255,2026-05-09,13:15:00,766.8,0.2,Creciente
2256,2026-05-09,13:30:00,766.5,-0.3,Descendente
2257,2026-05-09,13:45:00,766.5,0.0,Estable
2258,2026-05-09,14:00:00,766.3,-0.2,Descendente
2259,2026-05-09,14:15:00,766.7,0.4,Creciente
2260,2026-05-09,14:30:00,766.8,0.1,Creciente
2261,2026-05-09,14:45:00,766.9,0.1,Creciente
2262,2026-05-09,15:00:00,766.6,-0.3,Descendente
2263,2026-05-09,15:15:00,766.6,0.0,Estable
2264,2026-05-09,15:30:00,766.5,-0.1,Descendente
2265,2026-05-09,15:45:00,766.4,-0.1,Descendente
2266,2026-05-09,16:00:00,766.4,0.0,Estable
2267,2026-05-09,16:15:00,766.1,-0.3,Descendente
2268,2026-05-09,16:30:00,765.9,-0.2,Descendente
2269,2026-05-09,16:45:00,766.0,0.1,Creciente
2270,2026-05-09,17:00:00,765.8,-0.2,Descendente
2271,2026-05-09,17:15:00,765.9,0.1,Creciente
2272,2026-05-09,17:30:00,765.9,0.0,Estable
2273,2026-05-09,17:45:00,766.0,0.1,Creciente
2274,2026-05-09,18:00:00,766.3,0.3,Creciente
2275,2026-05-09,18:15:00,766.5,0.2,Creciente
2276,2026-05-09,18:30:00,766.7,0.2,Creciente
2277,2026-05-09,18:45:00,767.0,0.3,Creciente
2278,2026-05-09,19:00:00,767.2,0.2,Creciente
2279,2026-05-09,19:15:00,767.5,0.3,Creciente
2280,2026-05-09,19:30:00,767.7,0.2,Creciente
2281,2026-05-09,19:45:00,767.9,0.2,Creciente
2282,2026-05-09,20:00:00,768.0,0.1,Creciente
2283,2026-05-09,20:15:00,768.2,0.2,Creciente
2284,2026-05-09,20:30:00,768.4,0.2,Creciente
2285,2026-05-09,20:45:00,768.6,0.2,Creciente
2286,2026-05-09,21:00:00,768.8,0.2,Creciente
2287,2026-05-09,21:15:00,768.9,0.1,Creciente
2288,2026-05-09,21:30:00,769.1,0.2,Creciente
2289,2026-05-09,21:45:00,769.1,0.0,Estable
2290,2026-05-09,22:00:00,769.2,0.1,Creciente
2291,2026-05-09,22:15:00,769.3,0.1,Creciente
2292,2026-05-09,22:30:00,769.3,0.0,Estable
2293,2026-05-09,22:45:00,769.5,0.2,Creciente
2294,2026-05-09,23:00:00,769.4,-0.1,Descendente
2295,2026-05-09,23:15:00,769.2,-0.2,Descendente
2296,2026-05-09,23:30:00,769.2,0.0,Estable
2297,2026-05-09,23:45:00,769.2,0.0,Estable
2298,2026-05-10,00:15:00,768.8,-0.4,Descendente
2299,2026-05-10,00:30:00,768.7,-0.1,Descendente
2300,2026-05-10,00:45:00,768.7,0.0,Estable
2301,2026-05-10,01:00:00,768.6,-0.1,Descendente
2302,2026-05-10,01:15:00,768.5,-0.1,Descendente
2303,2026-05-10,01:30:00,768.3,-0.2,Descendente
2304,2026-05-10,01:45:00,768.1,-0.2,Descendente
2305,2026-05-10,02:00:00,768.0,-0.1,Descendente
2306,2026-05-10,02:15:00,768.0,0.0,Estable
2307,2026-05-10,02:30:00,767.9,-0.1,Descendente
2308,2026-05-10,02:45:00,767.8,-0.1,Descendente
2309,2026-05-10,03:00:00,767.8,0.0,Estable
2310,2026-05-10,03:15:00,767.7,-0.1,Descendente
2311,2026-05-10,03:30:00,767.7,0.0,Estable
2312,2026-05-10,03:45:00,767.7,0.0,Estable
2313,2026-05-10,04:00:00,767.6,-0.1,Descendente
2314,2026-05-10,04:15:00,767.6,0.0,Estable
2315,2026-05-10,04:30:00,767.8,0.2,Creciente
2316,2026-05-10,04:45:00,767.9,0.1,Creciente
2317,2026-05-10,05:00:00,767.9,0.0,Estable
2318,2026-05-10,05:15:00,768.0,0.1,Creciente
2319,2026-05-10,05:30:00,768.1,0.1,Creciente
2320,2026-05-10,05:45:00,768.2,0.1,Creciente
2321,2026-05-10,06:00:00,768.3,0.1,Creciente
2322,2026-05-10,06:15:00,768.6,0.3,Creciente
2323,2026-05-10,06:30:00,768.7,0.1,Creciente
2324,2026-05-10,06:45:00,768.9,0.2,Creciente
2325,2026-05-10,07:00:00,769.0,0.1,Creciente
2326,2026-05-10,07:15:00,769.1,0.1,Creciente
2327,2026-05-10,07:30:00,769.2,0.1,Creciente
2328,2026-05-10,07:45:00,769.3,0.1,Creciente
2329,2026-05-10,08:00:00,769.4,0.1,Creciente
2330,2026-05-10,08:15:00,769.4,0.0,Estable
2331,2026-05-10,08:30:00,769.5,0.1,Creciente
2332,2026-05-10,08:45:00,769.7,0.2,Creciente
2333,2026-05-10,09:00:00,769.7,0.0,Estable
2334,2026-05-10,09:15:00,769.8,0.1,Creciente
2335,2026-05-10,09:30:00,769.8,0.0,Estable
2336,2026-05-10,09:45:00,769.6,-0.2,Descendente
2337,2026-05-10,10:00:00,769.6,0.0,Estable
2338,2026-05-10,10:15:00,769.5,-0.1,Descendente
2339,2026-05-10,10:30:00,769.4,-0.1,Descendente
2340,2026-05-10,10:45:00,769.2,-0.2,Descendente
2341,2026-05-10,11:00:00,769.1,-0.1,Descendente
2342,2026-05-10,11:15:00,769.0,-0.1,Descendente
2343,2026-05-10,11:30:00,768.9,-0.1,Descendente
2344,2026-05-10,11:45:00,768.8,-0.1,Descendente
2345,2026-05-10,12:00:00,768.8,0.0,Estable
2346,2026-05-10,12:15:00,768.6,-0.2,Descendente
2347,2026-05-10,12:30:00,768.5,-0.1,Descendente
2348,2026-05-10,12:45:00,768.1,-0.4,Descendente
2349,2026-05-10,13:00:00,767.9,-0.2,Descendente
2350,2026-05-10,13:15:00,767.9,0.0,Estable
2351,2026-05-10,13:30:00,767.8,-0.1,Descendente
2352,2026-05-10,13:45:00,767.7,-0.1,Descendente
2353,2026-05-10,14:00:00,767.9,0.2,Creciente
2354,2026-05-10,14:15:00,767.8,-0.1,Descendente
2355,2026-05-10,14:30:00,767.8,0.0,Estable
2356,2026-05-10,14:45:00,767.7,-0.1,Descendente
2357,2026-05-10,15:00:00,767.6,-0.1,Descendente
2358,2026-05-10,15:15:00,767.8,0.2,Creciente
2359,2026-05-10,15:30:00,767.6,-0.2,Descendente
2360,2026-05-10,15:45:00,767.7,0.1,Creciente
2361,2026-05-10,16:00:00,768.0,0.3,Creciente
2362,2026-05-10,16:15:00,768.1,0.1,Creciente
2363,2026-05-10,16:30:00,768.2,0.1,Creciente
2364,2026-05-10,16:45:00,768.4,0.2,Creciente
2365,2026-05-10,17:00:00,768.6,0.2,Creciente
2366,2026-05-10,17:15:00,768.6,0.0,Estable
2367,2026-05-10,17:30:00,768.7,0.1,Creciente
2368,2026-05-10,17:45:00,768.8,0.1,Creciente
2369,2026-05-10,18:00:00,768.9,0.1,Creciente
2370,2026-05-10,18:15:00,769.0,0.1,Creciente
2371,2026-05-10,18:30:00,769.2,0.2,Creciente
2372,2026-05-10,18:45:00,769.3,0.1,Creciente
2373,2026-05-10,19:00:00,769.5,0.2,Creciente
2374,2026-05-10,19:15:00,769.7,0.2,Creciente
2375,2026-05-10,19:30:00,769.8,0.1,Creciente
2376,2026-05-10,19:45:00,770.1,0.3,Creciente
2377,2026-05-10,20:00:00,770.4,0.3,Creciente
2378,2026-05-10,20:15:00,770.7,0.3,Creciente
2379,2026-05-10,20:30:00,770.8,0.1,Creciente
2380,2026-05-10,20:45:00,771.0,0.2,Creciente
2381,2026-05-10,21:00:00,771.1,0.1,Creciente
2382,2026-05-10,21:15:00,771.2,0.1,Creciente
2383,2026-05-10,21:30:00,771.3,0.1,Creciente
2384,2026-05-10,21:45:00,771.4,0.1,Creciente
2385,2026-05-10,22:00:00,771.3,-0.1,Descendente
2386,2026-05-10,22:15:00,771.3,0.0,Estable
2387,2026-05-10,22:30:00,771.3,0.0,Estable
2388,2026-05-10,22:45:00,771.3,0.0,Estable
2389,2026-05-10,23:00:00,771.2,-0.1,Descendente
2390,2026-05-10,23:15:00,771.1,-0.1,Descendente
2391,2026-05-10,23:30:00,771.1,0.0,Estable
2392,2026-05-10,23:45:00,770.9,-0.2,Descendente
2393,2026-05-11,00:15:00,770.8,-0.1,Descendente
2394,2026-05-11,00:30:00,770.7,-0.1,Descendente
2395,2026-05-11,00:45:00,770.5,-0.2,Descendente
2396,2026-05-11,01:00:00,770.4,-0.1,Descendente
2397,2026-05-11,01:15:00,770.4,0.0,Estable
2398,2026-05-11,01:30:00,770.3,-0.1,Descendente
2399,2026-05-11,01:45:00,770.2,-0.1,Descendente
2400,2026-05-11,02:00:00,770.1,-0.1,Descendente
2401,2026-05-11,02:15:00,770.0,-0.1,Descendente
2402,2026-05-11,02:30:00,769.9,-0.1,Descendente
2403,2026-05-11,02:45:00,769.8,-0.1,Descendente
2404,2026-05-11,03:00:00,769.7,-0.1,Descendente
2405,2026-05-11,03:15:00,769.7,0.0,Estable
2406,2026-05-11,03:30:00,769.5,-0.2,Descendente
2407,2026-05-11,03:45:00,769.4,-0.1,Descendente
2408,2026-05-11,04:00:00,769.4,0.0,Estable
2409,2026-05-11,04:15:00,769.5,0.1,Creciente
2410,2026-05-11,04:30:00,769.7,0.2,Creciente
2411,2026-05-11,04:45:00,769.7,0.0,Estable
2412,2026-05-11,05:00:00,769.9,0.2,Creciente
2413,2026-05-11,05:15:00,769.9,0.0,Estable
2414,2026-05-11,05:30:00,770.0,0.1,Creciente
2415,2026-05-11,05:45:00,770.0,0.0,Estable
2416,2026-05-11,06:00:00,770.2,0.2,Creciente
2417,2026-05-11,06:15:00,770.3,0.1,Creciente
2418,2026-05-11,06:30:00,770.5,0.2,Creciente
2419,2026-05-11,06:45:00,770.5,0.0,Estable
2420,2026-05-11,07:00:00,770.7,0.2,Creciente
2421,2026-05-11,07:15:00,770.8,0.1,Creciente
2422,2026-05-11,07:30:00,770.8,0.0,Estable
2423,2026-05-11,07:45:00,770.9,0.1,Creciente
2424,2026-05-11,08:00:00,771.0,0.1,Creciente
2425,2026-05-11,08:15:00,771.0,0.0,Estable
2426,2026-05-11,08:30:00,771.1,0.1,Creciente
2427,2026-05-11,08:45:00,771.1,0.0,Estable
2428,2026-05-11,09:00:00,771.1,0.0,Estable
2429,2026-05-11,09:15:00,771.1,0.0,Estable
2430,2026-05-11,09:30:00,771.1,0.0,Estable
2431,2026-05-11,09:45:00,771.1,0.0,Estable
2432,2026-05-11,10:00:00,771.0,-0.1,Descendente
2433,2026-05-11,10:15:00,770.8,-0.2,Descendente
2434,2026-05-11,10:30:00,770.8,0.0,Estable
2435,2026-05-11,10:45:00,770.6,-0.2,Descendente
2436,2026-05-11,11:00:00,770.6,0.0,Estable
2437,2026-05-11,11:15:00,770.5,-0.1,Descendente
2438,2026-05-11,11:30:00,770.3,-0.2,Descendente
2439,2026-05-11,11:45:00,770.1,-0.2,Descendente
2440,2026-05-11,12:00:00,769.8,-0.3,Descendente
2441,2026-05-11,12:15:00,769.7,-0.1,Descendente
2442,2026-05-11,12:30:00,769.5,-0.2,Descendente
2443,2026-05-11,12:45:00,769.2,-0.3,Descendente
2444,2026-05-11,13:00:00,769.1,-0.1,Descendente
2445,2026-05-11,13:15:00,769.0,-0.1,Descendente
2446,2026-05-11,13:30:00,768.9,-0.1,Descendente
2447,2026-05-11,13:45:00,768.7,-0.2,Descendente
2448,2026-05-11,14:00:00,768.7,0.0,Estable
2449,2026-05-11,14:15:00,768.4,-0.3,Descendente
2450,2026-05-11,14:30:00,768.3,-0.1,Descendente
2451,2026-05-11,14:45:00,768.3,0.0,Estable
2452,2026-05-11,15:00:00,768.3,0.0,Estable
2453,2026-05-11,15:15:00,768.0,-0.3,Descendente
2454,2026-05-11,15:30:00,767.9,-0.1,Descendente
2455,2026-05-11,15:45:00,767.9,0.0,Estable
2456,2026-05-11,16:00:00,767.9,0.0,Estable
2457,2026-05-11,16:15:00,768.0,0.1,Creciente
2458,2026-05-11,16:30:00,768.1,0.1,Creciente
2459,2026-05-11,16:45:00,768.2,0.1,Creciente
2460,2026-05-11,17:00:00,768.5,0.3,Creciente
2461,2026-05-11,17:15:00,768.7,0.2,Creciente
2462,2026-05-11,17:30:00,768.7,0.0,Estable
2463,2026-05-11,17:45:00,769.1,0.4,Creciente
2464,2026-05-11,18:00:00,769.4,0.3,Creciente
2465,2026-05-11,18:15:00,769.4,0.0,Estable
2466,2026-05-11,18:30:00,769.7,0.3,Creciente
2467,2026-05-11,18:45:00,769.8,0.1,Creciente
2468,2026-05-11,19:00:00,770.1,0.3,Creciente
2469,2026-05-11,19:15:00,770.4,0.3,Creciente
2470,2026-05-11,19:30:00,770.7,0.3,Creciente
2471,2026-05-11,19:45:00,771.0,0.3,Creciente
2472,2026-05-11,20:00:00,771.1,0.1,Creciente
2473,2026-05-11,20:15:00,771.4,0.3,Creciente
2474,2026-05-11,20:30:00,771.7,0.3,Creciente
2475,2026-05-11,20:45:00,771.9,0.2,Creciente
2476,2026-05-11,21:00:00,772.0,0.1,Creciente
2477,2026-05-11,21:15:00,772.1,0.1,Creciente
2478,2026-05-11,21:30:00,772.3,0.2,Creciente
2479,2026-05-11,21:45:00,772.3,0.0,Estable
2480,2026-05-11,22:00:00,772.4,0.1,Creciente
2481,2026-05-11,22:15:00,772.5,0.1,Creciente
2482,2026-05-11,22:30:00,772.5,0.0,Estable
2483,2026-05-11,22:45:00,772.4,-0.1,Descendente
2484,2026-05-11,23:00:00,772.3,-0.1,Descendente
2485,2026-05-11,23:15:00,772.3,0.0,Estable
2486,2026-05-11,23:30:00,772.3,0.0,Estable
2487,2026-05-11,23:45:00,772.1,-0.2,Descendente
2488,2026-05-12,00:15:00,771.8,-0.3,Descendente
2489,2026-05-12,00:30:00,771.8,0.0,Estable
2490,2026-05-12,00:45:00,771.6,-0.2,Descendente
2491,2026-05-12,01:00:00,771.4,-0.2,Descendente
2492,2026-05-12,01:15:00,771.3,-0.1,Descendente
2493,2026-05-12,01:30:00,771.1,-0.2,Descendente
2494,2026-05-12,01:45:00,771.0,-0.1,Descendente
2495,2026-05-12,02:00:00,770.9,-0.1,Descendente
2496,2026-05-12,02:15:00,770.7,-0.2,Descendente
2497,2026-05-12,02:30:00,770.6,-0.1,Descendente
2498,2026-05-12,02:45:00,770.5,-0.1,Descendente
2499,2026-05-12,03:00:00,770.6,0.1,Creciente
2500,2026-05-12,03:15:00,770.5,-0.1,Descendente
2501,2026-05-12,03:30:00,770.7,0.2,Creciente
2502,2026-05-12,03:45:00,770.9,0.2,Creciente
2503,2026-05-12,04:00:00,770.9,0.0,Estable
2504,2026-05-12,04:15:00,770.9,0.0,Estable
2505,2026-05-12,04:30:00,771.0,0.1,Creciente
2506,2026-05-12,04:45:00,771.0,0.0,Estable
2507,2026-05-12,05:00:00,771.0,0.0,Estable
2508,2026-05-12,05:15:00,771.1,0.1,Creciente
2509,2026-05-12,05:30:00,771.1,0.0,Estable
2510,2026-05-12,05:45:00,771.1,0.0,Estable
2511,2026-05-12,06:00:00,771.3,0.2,Creciente
2512,2026-05-12,06:15:00,771.4,0.1,Creciente
2513,2026-05-12,06:30:00,771.7,0.3,Creciente
2514,2026-05-12,06:45:00,771.5,-0.2,Descendente
2515,2026-05-12,07:00:00,771.6,0.1,Creciente
2516,2026-05-12,07:15:00,771.6,0.0,Estable
2517,2026-05-12,07:30:00,771.8,0.2,Creciente
2518,2026-05-12,07:45:00,771.9,0.1,Creciente
2519,2026-05-12,08:00:00,771.8,-0.1,Descendente
2520,2026-05-12,08:15:00,772.0,0.2,Creciente
2521,2026-05-12,08:30:00,772.1,0.1,Creciente
2522,2026-05-12,08:45:00,772.1,0.0,Estable
2523,2026-05-12,09:00:00,772.2,0.1,Creciente
2524,2026-05-12,09:15:00,772.2,0.0,Estable
2525,2026-05-12,09:30:00,772.2,0.0,Estable
2526,2026-05-12,09:45:00,772.3,0.1,Creciente
2527,2026-05-12,10:00:00,772.2,-0.1,Descendente
2528,2026-05-12,10:15:00,772.1,-0.1,Descendente
2529,2026-05-12,10:30:00,772.0,-0.1,Descendente
2530,2026-05-12,10:45:00,771.8,-0.2,Descendente
2531,2026-05-12,11:00:00,771.6,-0.2,Descendente
2532,2026-05-12,11:15:00,771.4,-0.2,Descendente
2533,2026-05-12,11:30:00,771.3,-0.1,Descendente
2534,2026-05-12,11:45:00,771.2,-0.1,Descendente
2535,2026-05-12,12:00:00,771.0,-0.2,Descendente
2536,2026-05-12,12:15:00,770.9,-0.1,Descendente
2537,2026-05-12,12:30:00,770.7,-0.2,Descendente
2538,2026-05-12,12:45:00,770.5,-0.2,Descendente
2539,2026-05-12,13:00:00,770.3,-0.2,Descendente
2540,2026-05-12,13:15:00,770.1,-0.2,Descendente
2541,2026-05-12,13:30:00,769.8,-0.3,Descendente
2542,2026-05-12,13:45:00,769.7,-0.1,Descendente
2543,2026-05-12,14:00:00,769.3,-0.4,Descendente
2544,2026-05-12,14:15:00,769.1,-0.2,Descendente
2545,2026-05-12,14:30:00,768.8,-0.3,Descendente
2546,2026-05-12,14:45:00,768.8,0.0,Estable
2547,2026-05-12,15:00:00,768.7,-0.1,Descendente
2548,2026-05-12,15:15:00,768.7,0.0,Estable
2549,2026-05-12,15:30:00,768.5,-0.2,Descendente
2550,2026-05-12,15:45:00,768.9,0.4,Creciente
2551,2026-05-12,16:00:00,769.2,0.3,Creciente
2552,2026-05-12,16:15:00,769.2,0.0,Estable
2553,2026-05-12,16:30:00,769.7,0.5,Creciente
2554,2026-05-12,16:45:00,770.6,0.9,Creciente
2555,2026-05-12,17:00:00,770.2,-0.4,Descendente
2556,2026-05-12,17:15:00,770.5,0.3,Creciente
2557,2026-05-12,17:30:00,770.8,0.3,Creciente
2558,2026-05-12,17:45:00,770.8,0.0,Estable
2559,2026-05-12,18:00:00,770.8,0.0,Estable
2560,2026-05-12,18:15:00,771.0,0.2,Creciente
2561,2026-05-12,18:30:00,771.1,0.1,Creciente
2562,2026-05-12,18:45:00,771.2,0.1,Creciente
2566,2026-05-12,19:00:00,771.8,0.6,Creciente
2567,2026-05-12,19:15:00,772.0,0.2,Creciente
2568,2026-05-12,19:30:00,772.1,0.1,Creciente
2569,2026-05-12,19:45:00,772.3,0.2,Creciente
2570,2026-05-12,20:00:00,772.4,0.1,Creciente
2571,2026-05-12,20:15:00,772.1,-0.3,Descendente
2572,2026-05-12,20:30:00,772.1,0.0,Estable
2573,2026-05-12,20:45:00,772.2,0.1,Creciente
2574,2026-05-12,21:00:00,772.3,0.1,Creciente
2575,2026-05-12,21:15:00,772.3,0.0,Estable
2576,2026-05-12,21:30:00,772.4,0.1,Creciente
2577,2026-05-12,21:45:00,772.3,-0.1,Descendente
2578,2026-05-12,22:00:00,772.4,0.1,Creciente
2579,2026-05-12,22:15:00,772.3,-0.1,Descendente
2580,2026-05-12,22:30:00,772.3,0.0,Estable
2581,2026-05-12,22:45:00,772.3,0.0,Estable
2582,2026-05-12,23:00:00,772.2,-0.1,Descendente
2583,2026-05-12,23:15:00,772.1,-0.1,Descendente
2584,2026-05-12,23:30:00,771.9,-0.2,Descendente
2585,2026-05-12,23:45:00,771.8,-0.1,Descendente
2586,2026-05-13,00:15:00,771.6,-0.2,Descendente
2587,2026-05-13,00:30:00,771.4,-0.2,Descendente
2588,2026-05-13,00:45:00,771.3,-0.1,Descendente
2589,2026-05-13,01:00:00,771.2,-0.1,Descendente
2590,2026-05-13,01:15:00,771.1,-0.1,Descendente
2591,2026-05-13,01:30:00,771.0,-0.1,Descendente
2592,2026-05-13,01:45:00,770.9,-0.1,Descendente
2593,2026-05-13,02:00:00,771.0,0.1,Creciente
2594,2026-05-13,02:15:00,770.9,-0.1,Descendente
2595,2026-05-13,02:30:00,770.9,0.0,Estable
2596,2026-05-13,02:45:00,771.0,0.1,Creciente
2597,2026-05-13,03:00:00,771.0,0.0,Estable
2598,2026-05-13,03:15:00,771.0,0.0,Estable
2599,2026-05-13,03:30:00,770.9,-0.1,Descendente
2600,2026-05-13,03:45:00,771.0,0.1,Creciente
2601,2026-05-13,04:00:00,771.0,0.0,Estable
2602,2026-05-13,04:15:00,771.1,0.1,Creciente
2603,2026-05-13,04:30:00,771.2,0.1,Creciente
2604,2026-05-13,04:45:00,771.3,0.1,Creciente
2605,2026-05-13,05:00:00,771.4,0.1,Creciente
2606,2026-05-13,05:15:00,771.7,0.3,Creciente
2607,2026-05-13,05:30:00,771.7,0.0,Estable
2608,2026-05-13,05:45:00,771.8,0.1,Creciente
2609,2026-05-13,06:00:00,772.0,0.2,Creciente
2610,2026-05-13,06:15:00,772.2,0.2,Creciente
2611,2026-05-13,06:30:00,772.1,-0.1,Descendente
2612,2026-05-13,06:45:00,772.3,0.2,Creciente
2613,2026-05-13,07:00:00,772.3,0.0,Estable
2614,2026-05-13,07:15:00,772.3,0.0,Estable
2615,2026-05-13,07:30:00,772.4,0.1,Creciente
2616,2026-05-13,07:45:00,772.4,0.0,Estable
2617,2026-05-13,08:00:00,772.5,0.1,Creciente
2618,2026-05-13,08:15:00,772.3,-0.2,Descendente
2619,2026-05-13,08:30:00,772.4,0.1,Creciente
2620,2026-05-13,08:45:00,772.3,-0.1,Descendente
2621,2026-05-13,09:00:00,772.2,-0.1,Descendente
2622,2026-05-13,09:15:00,772.1,-0.1,Descendente
2623,2026-05-13,09:30:00,772.0,-0.1,Descendente
2624,2026-05-13,09:45:00,771.9,-0.1,Descendente
2625,2026-05-13,10:00:00,771.8,-0.1,Descendente
2626,2026-05-13,10:15:00,771.6,-0.2,Descendente
2627,2026-05-13,10:30:00,771.3,-0.3,Descendente
2628,2026-05-13,10:45:00,771.3,0.0,Estable
2629,2026-05-13,11:00:00,771.1,-0.2,Descendente
2630,2026-05-13,11:15:00,771.0,-0.1,Descendente
2631,2026-05-13,11:30:00,770.6,-0.4,Descendente
2632,2026-05-13,11:45:00,770.3,-0.3,Descendente
2633,2026-05-13,12:00:00,770.1,-0.2,Descendente
2634,2026-05-13,12:15:00,769.9,-0.2,Descendente
2635,2026-05-13,12:30:00,769.8,-0.1,Descendente
2636,2026-05-13,12:45:00,769.6,-0.2,Descendente
2637,2026-05-13,13:00:00,769.4,-0.2,Descendente
2638,2026-05-13,13:15:00,769.0,-0.4,Descendente
2639,2026-05-13,13:30:00,768.7,-0.3,Descendente
2640,2026-05-13,13:45:00,768.4,-0.3,Descendente
2641,2026-05-13,14:00:00,768.3,-0.1,Descendente
2642,2026-05-13,14:15:00,768.1,-0.2,Descendente
2643,2026-05-13,14:30:00,767.9,-0.2,Descendente
2644,2026-05-13,14:45:00,767.8,-0.1,Descendente
2645,2026-05-13,15:00:00,767.8,0.0,Estable
2646,2026-05-13,15:15:00,767.7,-0.1,Descendente
2647,2026-05-13,15:30:00,767.6,-0.1,Descendente
2648,2026-05-13,15:45:00,767.6,0.0,Estable
2649,2026-05-13,16:00:00,767.7,0.1,Creciente
2650,2026-05-13,16:15:00,767.8,0.1,Creciente
2651,2026-05-13,16:30:00,767.9,0.1,Creciente
2652,2026-05-13,16:45:00,768.2,0.3,Creciente
2653,2026-05-13,17:00:00,768.4,0.2,Creciente
2654,2026-05-13,17:15:00,768.7,0.3,Creciente
2655,2026-05-13,17:30:00,769.0,0.3,Creciente
2656,2026-05-13,17:45:00,769.3,0.3,Creciente
2657,2026-05-13,18:00:00,769.4,0.1,Creciente
2658,2026-05-13,18:15:00,769.7,0.3,Creciente
2659,2026-05-13,18:30:00,769.8,0.1,Creciente
2660,2026-05-13,18:45:00,770.0,0.2,Creciente
2661,2026-05-13,19:00:00,770.3,0.3,Creciente
2662,2026-05-13,19:15:00,770.5,0.2,Creciente
2663,2026-05-13,19:30:00,770.6,0.1,Creciente
2664,2026-05-13,19:45:00,770.7,0.1,Creciente
2665,2026-05-13,20:00:00,770.7,0.0,Estable
2666,2026-05-13,20:15:00,770.8,0.1,Creciente
2667,2026-05-13,20:30:00,770.9,0.1,Creciente
2668,2026-05-13,20:45:00,771.0,0.1,Creciente
2669,2026-05-13,21:00:00,771.0,0.0,Estable
2670,2026-05-13,21:15:00,771.0,0.0,Estable
2671,2026-05-13,21:30:00,771.0,0.0,Estable
2672,2026-05-13,21:45:00,771.0,0.0,Estable
2673,2026-05-13,22:00:00,770.9,-0.1,Descendente
2674,2026-05-13,22:15:00,771.0,0.1,Creciente
2675,2026-05-13,22:30:00,770.9,-0.1,Descendente
2676,2026-05-13,22:45:00,770.8,-0.1,Descendente
2677,2026-05-13,23:00:00,770.7,-0.1,Descendente
2678,2026-05-13,23:15:00,770.4,-0.3,Descendente
2679,2026-05-13,23:30:00,770.5,0.1,Creciente
2680,2026-05-13,23:45:00,770.4,-0.1,Descendente
2681,2026-05-14,00:15:00,770.1,-0.3,Descendente
2682,2026-05-14,00:30:00,769.9,-0.2,Descendente
2683,2026-05-14,00:45:00,769.8,-0.1,Descendente
2684,2026-05-14,01:00:00,769.6,-0.2,Descendente
2685,2026-05-14,01:15:00,769.7,0.1,Creciente
2686,2026-05-14,01:30:00,769.6,-0.1,Descendente
2687,2026-05-14,01:45:00,769.5,-0.1,Descendente
2688,2026-05-14,02:00:00,769.5,0.0,Estable
2689,2026-05-14,02:15:00,769.4,-0.1,Descendente
2690,2026-05-14,02:30:00,769.4,0.0,Estable
2691,2026-05-14,02:45:00,769.3,-0.1,Descendente
2692,2026-05-14,03:00:00,769.5,0.2,Creciente
2693,2026-05-14,03:15:00,769.5,0.0,Estable
2694,2026-05-14,03:30:00,769.7,0.2,Creciente
2695,2026-05-14,03:45:00,769.8,0.1,Creciente
2696,2026-05-14,04:00:00,770.0,0.2,Creciente
2697,2026-05-14,04:15:00,770.0,0.0,Estable
2698,2026-05-14,04:30:00,770.2,0.2,Creciente
2699,2026-05-14,04:45:00,770.2,0.0,Estable
2700,2026-05-14,05:00:00,770.2,0.0,Estable
2701,2026-05-14,05:15:00,770.3,0.1,Creciente
2702,2026-05-14,05:30:00,770.4,0.1,Creciente
2703,2026-05-14,05:45:00,770.5,0.1,Creciente
2704,2026-05-14,06:00:00,770.5,0.0,Estable
2705,2026-05-14,06:15:00,770.6,0.1,Creciente
2706,2026-05-14,06:30:00,770.6,0.0,Estable
2707,2026-05-14,06:45:00,770.5,-0.1,Descendente
2708,2026-05-14,07:00:00,770.5,0.0,Estable
2709,2026-05-14,07:15:00,770.5,0.0,Estable
2710,2026-05-14,07:30:00,770.5,0.0,Estable
2711,2026-05-14,07:45:00,770.5,0.0,Estable
2712,2026-05-14,08:00:00,770.5,0.0,Estable
2713,2026-05-14,08:15:00,770.5,0.0,Estable
2714,2026-05-14,08:30:00,770.5,0.0,Estable
2715,2026-05-14,08:45:00,770.6,0.1,Creciente
2716,2026-05-14,09:00:00,770.5,-0.1,Descendente
2717,2026-05-14,09:15:00,770.4,-0.1,Descendente
2718,2026-05-14,09:30:00,770.3,-0.1,Descendente
2719,2026-05-14,09:45:00,770.3,0.0,Estable
2720,2026-05-14,10:00:00,770.2,-0.1,Descendente
2721,2026-05-14,10:15:00,770.0,-0.2,Descendente
2722,2026-05-14,10:30:00,770.0,0.0,Estable
2723,2026-05-14,10:45:00,769.6,-0.4,Descendente
2724,2026-05-14,11:00:00,769.3,-0.3,Descendente
2725,2026-05-14,11:15:00,769.2,-0.1,Descendente
2726,2026-05-14,11:30:00,769.1,-0.1,Descendente
2727,2026-05-14,11:45:00,769.0,-0.1,Descendente
2728,2026-05-14,12:00:00,768.8,-0.2,Descendente
2729,2026-05-14,12:15:00,768.7,-0.1,Descendente
2730,2026-05-14,12:30:00,768.5,-0.2,Descendente
2731,2026-05-14,12:45:00,768.3,-0.2,Descendente
2732,2026-05-14,13:00:00,768.1,-0.2,Descendente
2733,2026-05-14,13:15:00,767.9,-0.2,Descendente
2734,2026-05-14,13:30:00,767.7,-0.2,Descendente
2735,2026-05-14,13:45:00,767.5,-0.2,Descendente
2736,2026-05-14,14:00:00,767.4,-0.1,Descendente
2737,2026-05-14,14:15:00,767.3,-0.1,Descendente
2738,2026-05-14,14:30:00,767.1,-0.2,Descendente
2739,2026-05-14,14:45:00,767.2,0.1,Creciente
2740,2026-05-14,15:00:00,767.1,-0.1,Descendente
2741,2026-05-14,15:15:00,767.0,-0.1,Descendente
2742,2026-05-14,15:30:00,767.1,0.1,Creciente
2743,2026-05-14,15:45:00,767.1,0.0,Estable
2744,2026-05-14,16:00:00,767.2,0.1,Creciente
2745,2026-05-14,16:15:00,767.3,0.1,Creciente
2746,2026-05-14,16:30:00,767.4,0.1,Creciente
2747,2026-05-14,16:45:00,767.6,0.2,Creciente
2748,2026-05-14,17:00:00,767.5,-0.1,Descendente
2749,2026-05-14,17:15:00,767.6,0.1,Creciente
2750,2026-05-14,17:30:00,767.9,0.3,Creciente
2751,2026-05-14,17:45:00,768.2,0.3,Creciente
2752,2026-05-14,18:00:00,768.4,0.2,Creciente
2753,2026-05-14,18:15:00,768.6,0.2,Creciente
2754,2026-05-14,18:30:00,768.8,0.2,Creciente
2755,2026-05-14,18:45:00,769.0,0.2,Creciente
2756,2026-05-14,19:00:00,769.2,0.2,Creciente
2757,2026-05-14,19:15:00,769.5,0.3,Creciente
2758,2026-05-14,19:30:00,769.7,0.2,Creciente
2759,2026-05-14,19:45:00,769.7,0.0,Estable
2760,2026-05-14,20:00:00,769.9,0.2,Creciente
2761,2026-05-14,20:15:00,770.0,0.1,Creciente
2762,2026-05-14,20:30:00,770.2,0.2,Creciente
2763,2026-05-14,20:45:00,770.3,0.1,Creciente
2764,2026-05-14,21:00:00,770.5,0.2,Creciente
2765,2026-05-14,21:15:00,770.5,0.0,Estable
2766,2026-05-14,21:30:00,770.6,0.1,Creciente
2767,2026-05-14,21:45:00,770.6,0.0,Estable
2768,2026-05-14,22:00:00,770.5,-0.1,Descendente
2769,2026-05-14,22:15:00,770.5,0.0,Estable
2770,2026-05-14,22:30:00,770.5,0.0,Estable
2771,2026-05-14,22:45:00,770.3,-0.2,Descendente
2772,2026-05-14,23:00:00,770.0,-0.3,Descendente
2773,2026-05-14,23:15:00,770.0,0.0,Estable
2774,2026-05-14,23:30:00,769.9,-0.1,Descendente
2775,2026-05-14,23:45:00,769.7,-0.2,Descendente
