id,fecha,hora,velocidad_kmh,rafaga_kmh,direccion,direccion_rafaga
1343,2026-05-01,02:30:00,0.0,0.0,,
1344,2026-05-01,02:45:00,0.0,0.0,,
1345,2026-05-01,03:00:00,0.0,0.0,,
1346,2026-05-01,03:15:00,0.0,0.0,,
1347,2026-05-01,03:30:00,0.0,0.0,,
1348,2026-05-01,07:30:00,0.0,0.0,,
1349,2026-05-01,07:45:00,0.0,0.0,,
1350,2026-05-01,08:00:00,0.0,0.0,,
1351,2026-05-01,08:15:00,0.0,4.8,SE,SE
1352,2026-05-01,08:30:00,0.0,3.2,SSE,NE
1353,2026-05-01,11:15:00,1.6,9.7,NNE,NW
1354,2026-05-01,11:30:00,1.6,9.7,ENE,N
1355,2026-05-01,11:45:00,3.2,11.3,N,NE
1356,2026-05-01,12:00:00,1.6,8.0,SE,NW
1357,2026-05-01,12:15:00,1.6,8.0,SW,NNW
1358,2026-05-01,16:15:00,3.2,11.3,NW,NW
1359,2026-05-01,16:30:00,1.6,11.3,WNW,NW
1360,2026-05-01,16:45:00,1.6,11.3,WNW,WNW
1361,2026-05-01,17:00:00,1.6,9.7,NW,NW
1362,2026-05-01,17:15:00,3.2,17.7,NNW,NNW
1363,2026-05-01,20:00:00,0.0,0.0,,
1364,2026-05-01,20:15:00,0.0,0.0,,
1365,2026-05-01,20:30:00,0.0,3.2,ENE,ENE
1366,2026-05-01,20:45:00,0.0,1.6,ENE,ENE
1367,2026-05-01,21:00:00,0.0,0.0,,
1368,2026-05-01,21:15:00,0.0,0.0,,
1369,2026-05-01,21:30:00,0.0,0.0,,
1370,2026-05-01,21:45:00,0.0,0.0,,
1371,2026-05-01,22:00:00,0.0,0.0,,
1372,2026-05-01,22:15:00,0.0,0.0,,
1373,2026-05-01,22:30:00,0.0,0.0,,
1374,2026-05-01,22:45:00,0.0,0.0,,
1375,2026-05-01,23:00:00,0.0,0.0,,
1376,2026-05-01,23:15:00,0.0,0.0,,
1377,2026-05-01,23:30:00,0.0,0.0,,
1378,2026-05-02,00:15:00,0.0,0.0,,
1379,2026-05-02,00:30:00,0.0,0.0,,
1380,2026-05-02,00:45:00,0.0,0.0,,
1407,2026-05-03,00:15:00,0.0,3.2,ESE,E
1408,2026-05-03,00:30:00,0.0,0.0,,
1409,2026-05-03,00:45:00,0.0,0.0,,
1410,2026-05-03,01:00:00,0.0,0.0,,
1411,2026-05-03,01:15:00,0.0,0.0,,
1412,2026-05-03,01:30:00,0.0,0.0,,
1413,2026-05-03,01:45:00,0.0,1.6,ENE,ENE
1414,2026-05-03,02:00:00,0.0,0.0,,
1415,2026-05-03,02:15:00,0.0,1.6,E,E
1416,2026-05-03,02:30:00,0.0,4.8,WNW,W
1417,2026-05-03,02:45:00,1.6,8.0,WSW,WNW
1418,2026-05-03,03:00:00,0.0,6.4,NW,NW
1419,2026-05-03,03:15:00,0.0,1.6,NW,NW
1420,2026-05-03,03:30:00,0.0,1.6,N,NNW
1421,2026-05-03,03:45:00,0.0,1.6,NNE,N
1422,2026-05-03,04:00:00,0.0,0.0,,
1423,2026-05-03,04:15:00,0.0,0.0,,
1424,2026-05-03,04:30:00,0.0,0.0,,
1425,2026-05-03,04:45:00,0.0,0.0,,
1426,2026-05-03,05:00:00,0.0,1.6,E,E
1427,2026-05-03,05:15:00,0.0,1.6,ENE,NE
1428,2026-05-03,05:30:00,0.0,4.8,W,WNW
1429,2026-05-03,05:45:00,0.0,6.4,WNW,WNW
1430,2026-05-03,06:00:00,0.0,6.4,W,WNW
1431,2026-05-03,06:15:00,0.0,4.8,WSW,WNW
1432,2026-05-03,06:30:00,0.0,3.2,WNW,NW
1433,2026-05-03,06:45:00,0.0,1.6,N,ESE
1434,2026-05-03,07:00:00,0.0,3.2,NW,NW
1435,2026-05-03,07:15:00,0.0,4.8,WNW,WSW
1436,2026-05-03,07:30:00,0.0,6.4,WNW,WNW
1437,2026-05-03,07:45:00,0.0,3.2,WNW,WNW
1438,2026-05-03,08:00:00,0.0,4.8,WNW,WNW
1439,2026-05-03,08:15:00,1.6,6.4,WNW,NW
1440,2026-05-03,08:30:00,1.6,6.4,N,NNW
1441,2026-05-03,08:45:00,0.0,4.8,NW,SE
1442,2026-05-03,09:00:00,0.0,4.8,NW,NNW
1443,2026-05-03,09:15:00,0.0,1.6,NE,ENE
1444,2026-05-03,09:30:00,1.6,6.4,SSE,SSE
1445,2026-05-03,09:45:00,0.0,4.8,NNE,SE
1446,2026-05-03,10:00:00,0.0,3.2,S,NNW
1447,2026-05-03,10:15:00,0.0,4.8,SE,SE
1448,2026-05-03,10:30:00,1.6,6.4,SSE,SSE
1449,2026-05-03,10:45:00,1.6,9.7,NNE,NNE
1450,2026-05-03,11:00:00,1.6,8.0,N,N
1451,2026-05-03,11:15:00,1.6,8.0,NNW,NNE
1452,2026-05-03,11:30:00,1.6,9.7,NNW,NNE
1453,2026-05-03,11:45:00,1.6,6.4,NW,SSE
1454,2026-05-03,12:00:00,1.6,8.0,SSE,SSE
1455,2026-05-03,12:15:00,0.0,8.0,NE,NNE
1456,2026-05-03,12:30:00,0.0,4.8,S,NNW
1457,2026-05-03,12:45:00,1.6,8.0,N,SSE
1458,2026-05-03,13:00:00,1.6,9.7,N,NNE
1459,2026-05-03,13:15:00,1.6,8.0,NE,NE
1460,2026-05-03,13:30:00,1.6,11.3,SE,SE
1461,2026-05-03,13:45:00,1.6,9.7,SE,SSE
1462,2026-05-03,14:00:00,1.6,6.4,SE,SSE
1463,2026-05-03,14:15:00,1.6,8.0,N,SSE
1464,2026-05-03,14:30:00,0.0,4.8,SSE,SSE
1465,2026-05-03,14:45:00,1.6,8.0,N,NW
1466,2026-05-03,15:00:00,1.6,8.0,NNE,SE
1467,2026-05-03,15:15:00,1.6,12.9,ESE,SSE
1468,2026-05-03,15:30:00,3.2,11.3,SE,SE
1469,2026-05-03,15:45:00,1.6,9.7,NW,SSE
1470,2026-05-03,16:00:00,3.2,12.9,E,SSE
1471,2026-05-03,16:15:00,3.2,11.3,SSE,SSE
1473,2026-05-03,16:30:00,4.8,14.5,S,SSE
1474,2026-05-03,16:45:00,3.2,12.9,SSE,SSE
1475,2026-05-03,17:00:00,3.2,11.3,NNW,NNW
1476,2026-05-03,17:15:00,1.6,6.4,SSE,SSE
1477,2026-05-03,17:30:00,0.0,6.4,SSE,SE
1478,2026-05-03,17:45:00,1.6,8.0,N,NNW
1479,2026-05-03,18:00:00,1.6,9.7,WNW,NNW
1480,2026-05-03,18:15:00,1.6,8.0,NE,NE
1481,2026-05-03,18:30:00,1.6,9.7,NNE,NNE
1482,2026-05-03,18:45:00,1.6,9.7,NNE,NE
1483,2026-05-03,19:00:00,1.6,11.3,N,NNE
1484,2026-05-03,19:15:00,0.0,4.8,SW,NNE
1485,2026-05-03,19:30:00,0.0,4.8,SW,SE
1486,2026-05-03,19:45:00,0.0,3.2,NNE,NE
1487,2026-05-03,20:00:00,0.0,3.2,N,NE
1488,2026-05-03,20:15:00,0.0,0.0,,
1489,2026-05-03,20:30:00,0.0,1.6,E,E
1490,2026-05-03,20:45:00,0.0,3.2,SE,SE
1491,2026-05-03,21:00:00,0.0,0.0,,
1492,2026-05-03,21:15:00,0.0,0.0,,
1493,2026-05-03,21:30:00,0.0,0.0,,
1494,2026-05-03,21:45:00,0.0,1.6,ESE,ESE
1495,2026-05-03,22:00:00,0.0,0.0,,
1496,2026-05-03,22:15:00,0.0,0.0,,
1497,2026-05-03,22:30:00,0.0,0.0,,
1498,2026-05-03,22:45:00,0.0,0.0,,
1499,2026-05-03,23:00:00,0.0,0.0,,
1500,2026-05-03,23:15:00,0.0,0.0,,
1501,2026-05-03,23:30:00,0.0,0.0,,
1502,2026-05-03,23:45:00,0.0,0.0,,
1538,2026-05-04,00:15:00,0.0,0.0,,
1539,2026-05-04,00:30:00,0.0,0.0,,
1540,2026-05-04,00:45:00,0.0,0.0,,
1541,2026-05-04,01:00:00,0.0,0.0,,
1542,2026-05-04,01:15:00,0.0,0.0,,
1543,2026-05-04,01:30:00,0.0,0.0,,
1544,2026-05-04,01:45:00,0.0,0.0,,
1545,2026-05-04,02:00:00,0.0,0.0,,
1546,2026-05-04,02:15:00,0.0,0.0,,
1547,2026-05-04,02:30:00,0.0,0.0,,
1548,2026-05-04,02:45:00,0.0,0.0,,
1549,2026-05-04,03:00:00,0.0,0.0,,
1550,2026-05-04,03:15:00,0.0,0.0,,
1551,2026-05-04,03:30:00,0.0,0.0,,
1552,2026-05-04,03:45:00,0.0,0.0,,
1553,2026-05-04,04:00:00,0.0,0.0,,
1554,2026-05-04,04:15:00,0.0,0.0,,
1555,2026-05-04,04:30:00,0.0,0.0,,
1556,2026-05-04,04:45:00,0.0,0.0,,
1557,2026-05-04,05:00:00,0.0,0.0,,
1558,2026-05-04,05:15:00,0.0,0.0,,
1559,2026-05-04,05:30:00,0.0,0.0,,
1560,2026-05-04,05:45:00,0.0,0.0,,
1561,2026-05-04,06:00:00,0.0,0.0,,
1562,2026-05-04,06:15:00,0.0,0.0,,
1563,2026-05-04,06:30:00,0.0,0.0,,
1564,2026-05-04,06:45:00,0.0,0.0,,
1565,2026-05-04,07:00:00,0.0,0.0,,
1566,2026-05-04,07:15:00,0.0,0.0,,
1567,2026-05-04,07:30:00,0.0,0.0,,
1568,2026-05-04,07:45:00,0.0,0.0,,
1569,2026-05-04,08:00:00,0.0,1.6,E,E
1570,2026-05-04,08:15:00,0.0,4.8,NNE,NE
1571,2026-05-04,08:30:00,0.0,4.8,NNE,NNE
1572,2026-05-04,08:45:00,0.0,6.4,NW,NNW
1573,2026-05-04,09:00:00,0.0,3.2,SE,SE
1574,2026-05-04,09:15:00,0.0,1.6,SE,ESE
1575,2026-05-04,09:30:00,0.0,4.8,SE,SE
1576,2026-05-04,09:45:00,0.0,4.8,NNE,N
1577,2026-05-04,10:00:00,1.6,6.4,WNW,W
1578,2026-05-04,10:15:00,1.6,9.7,NNE,N
1579,2026-05-04,10:30:00,1.6,9.7,NNE,NE
1580,2026-05-04,10:45:00,1.6,9.7,NNE,NE
1581,2026-05-04,11:00:00,1.6,9.7,NNW,ENE
1582,2026-05-04,11:15:00,3.2,11.3,WNW,NNW
1583,2026-05-04,11:30:00,3.2,9.7,N,NNW
1584,2026-05-04,11:45:00,1.6,8.0,NNW,ENE
1585,2026-05-04,12:00:00,1.6,8.0,SSE,SSE
1586,2026-05-04,12:15:00,0.0,8.0,NW,NE
1587,2026-05-04,12:30:00,3.2,11.3,NNE,NNW
1588,2026-05-04,12:45:00,1.6,9.7,NW,NW
1589,2026-05-04,13:00:00,1.6,6.4,NNE,NW
1590,2026-05-04,13:15:00,0.0,6.4,NE,NE
1591,2026-05-04,13:30:00,1.6,9.7,SSE,SSE
1592,2026-05-04,13:45:00,1.6,8.0,N,SE
1593,2026-05-04,14:00:00,1.6,6.4,S,S
1594,2026-05-04,14:15:00,3.2,14.5,S,S
1595,2026-05-04,14:30:00,1.6,8.0,S,S
1596,2026-05-04,14:45:00,0.0,3.2,SSW,SE
1597,2026-05-04,15:00:00,0.0,6.4,S,SSE
1598,2026-05-04,15:15:00,0.0,3.2,SSE,SE
1599,2026-05-04,15:30:00,1.6,6.4,NW,NE
1600,2026-05-04,15:45:00,1.6,11.3,SSE,SE
1601,2026-05-04,16:00:00,1.6,6.4,SSE,SE
1602,2026-05-04,16:15:00,0.0,4.8,SSW,SSW
1603,2026-05-04,16:30:00,0.0,4.8,N,NE
1604,2026-05-04,16:45:00,0.0,1.6,NE,ESE
1605,2026-05-04,17:00:00,0.0,4.8,ENE,SE
1606,2026-05-04,17:15:00,1.6,9.7,SE,SSE
1607,2026-05-04,17:30:00,1.6,9.7,SSE,SSE
1608,2026-05-04,17:45:00,1.6,9.7,SE,SE
1609,2026-05-04,18:00:00,0.0,4.8,SE,SE
1610,2026-05-04,18:15:00,0.0,4.8,SSE,SSE
1611,2026-05-04,18:30:00,0.0,4.8,E,NE
1612,2026-05-04,18:45:00,0.0,1.6,E,NE
1613,2026-05-04,19:00:00,0.0,1.6,SE,ESE
1614,2026-05-04,19:15:00,0.0,3.2,ESE,ESE
1615,2026-05-04,19:30:00,0.0,1.6,ESE,SE
1616,2026-05-04,19:45:00,0.0,0.0,,
1617,2026-05-04,20:00:00,0.0,0.0,,
1618,2026-05-04,20:15:00,0.0,6.4,SE,SE
1619,2026-05-04,20:30:00,0.0,0.0,,
1620,2026-05-04,20:45:00,0.0,3.2,WNW,WNW
1621,2026-05-04,21:00:00,0.0,3.2,ESE,ESE
1622,2026-05-04,21:15:00,0.0,0.0,,
1623,2026-05-04,21:30:00,0.0,0.0,,
1624,2026-05-04,21:45:00,0.0,0.0,,
1625,2026-05-04,22:00:00,0.0,0.0,,
1626,2026-05-04,22:15:00,0.0,0.0,,
1627,2026-05-04,22:30:00,0.0,0.0,,
1628,2026-05-04,22:45:00,0.0,0.0,,
1629,2026-05-04,23:00:00,0.0,0.0,,
1630,2026-05-04,23:15:00,0.0,0.0,,
1631,2026-05-04,23:30:00,0.0,0.0,,
1632,2026-05-04,23:45:00,0.0,0.0,,
1633,2026-05-05,00:15:00,0.0,0.0,,
1634,2026-05-05,00:30:00,0.0,0.0,,
1635,2026-05-05,00:45:00,0.0,0.0,,
1636,2026-05-05,01:00:00,0.0,0.0,,
1637,2026-05-05,01:15:00,0.0,0.0,,
1638,2026-05-05,01:30:00,0.0,0.0,,
1639,2026-05-05,01:45:00,0.0,0.0,,
1640,2026-05-05,02:00:00,0.0,0.0,,
1641,2026-05-05,02:15:00,0.0,0.0,,
1642,2026-05-05,02:30:00,0.0,0.0,,
1643,2026-05-05,02:45:00,0.0,0.0,,
1644,2026-05-05,03:00:00,0.0,0.0,,
1645,2026-05-05,03:15:00,0.0,0.0,,
1646,2026-05-05,03:30:00,0.0,0.0,,
1647,2026-05-05,03:45:00,0.0,0.0,,
1648,2026-05-05,04:00:00,0.0,0.0,,
1649,2026-05-05,04:15:00,0.0,0.0,,
1650,2026-05-05,04:30:00,0.0,0.0,,
1651,2026-05-05,04:45:00,0.0,0.0,,
1652,2026-05-05,05:00:00,0.0,0.0,,
1653,2026-05-05,05:15:00,0.0,0.0,,
1654,2026-05-05,05:30:00,0.0,0.0,,
1655,2026-05-05,05:45:00,0.0,0.0,,
1656,2026-05-05,06:00:00,0.0,0.0,,
1657,2026-05-05,06:15:00,0.0,0.0,,
1658,2026-05-05,06:30:00,0.0,0.0,,
1659,2026-05-05,06:45:00,0.0,0.0,,
1660,2026-05-05,07:00:00,0.0,0.0,,
1661,2026-05-05,07:15:00,0.0,0.0,,
1662,2026-05-05,07:30:00,0.0,0.0,,
1663,2026-05-05,07:45:00,0.0,0.0,,
1664,2026-05-05,08:00:00,0.0,1.6,ESE,ESE
1665,2026-05-05,08:15:00,0.0,1.6,SSE,SSE
1666,2026-05-05,08:30:00,0.0,0.0,,
1667,2026-05-05,08:45:00,0.0,1.6,ESE,ESE
1668,2026-05-05,09:00:00,0.0,4.8,ESE,SSE
1669,2026-05-05,09:15:00,0.0,6.4,SE,ESE
1670,2026-05-05,09:30:00,1.6,8.0,SSE,SSE
1671,2026-05-05,09:45:00,1.6,8.0,SSE,SSE
1672,2026-05-05,10:00:00,1.6,8.0,SE,SE
1673,2026-05-05,10:15:00,1.6,11.3,SSE,SSE
1674,2026-05-05,10:30:00,1.6,4.8,ESE,SE
1675,2026-05-05,10:45:00,1.6,6.4,SE,SE
1676,2026-05-05,11:00:00,1.6,6.4,NW,SSE
1677,2026-05-05,11:15:00,1.6,8.0,SSE,SSE
1678,2026-05-05,11:30:00,1.6,4.8,SSE,SE
1679,2026-05-05,11:45:00,1.6,9.7,SSE,SE
1680,2026-05-05,12:00:00,1.6,8.0,S,SSE
1681,2026-05-05,12:15:00,3.2,8.0,SSE,SSE
1682,2026-05-05,12:30:00,3.2,12.9,S,SSE
1683,2026-05-05,12:45:00,1.6,9.7,WNW,NW
1684,2026-05-05,13:00:00,1.6,6.4,ENE,NE
1685,2026-05-05,13:15:00,3.2,9.7,SSE,SE
1686,2026-05-05,13:30:00,1.6,9.7,E,SSE
1687,2026-05-05,13:45:00,3.2,11.3,SE,SSE
1688,2026-05-05,14:00:00,3.2,9.7,SW,SSE
1689,2026-05-05,14:15:00,1.6,11.3,SSE,SSE
1690,2026-05-05,14:30:00,1.6,9.7,NNW,SSE
1691,2026-05-05,14:45:00,1.6,9.7,NNE,NNE
1692,2026-05-05,15:00:00,0.0,4.8,SE,SSE
1693,2026-05-05,15:15:00,3.2,16.1,SSE,SSE
1694,2026-05-05,15:30:00,4.8,16.1,SSE,SSE
1695,2026-05-05,15:45:00,4.8,11.3,SSE,SSE
1696,2026-05-05,16:00:00,3.2,14.5,S,SSE
1697,2026-05-05,16:15:00,3.2,6.4,SSE,SSE
1698,2026-05-05,16:30:00,1.6,6.4,S,SSE
1699,2026-05-05,16:45:00,0.0,6.4,S,SE
1700,2026-05-05,17:00:00,1.6,6.4,SW,SSE
1701,2026-05-05,17:15:00,0.0,4.8,SSE,SSE
1702,2026-05-05,17:30:00,0.0,1.6,ESE,NW
1703,2026-05-05,17:45:00,0.0,3.2,WNW,WNW
1704,2026-05-05,18:00:00,1.6,4.8,SE,SSE
1705,2026-05-05,18:15:00,0.0,3.2,SE,SSE
1706,2026-05-05,18:30:00,0.0,0.0,,
1707,2026-05-05,18:45:00,0.0,1.6,ENE,ENE
1708,2026-05-05,19:00:00,1.6,9.7,NNE,NNE
1709,2026-05-05,19:15:00,3.2,17.7,NE,NNE
1710,2026-05-05,19:30:00,3.2,19.3,NNE,NNE
1711,2026-05-05,19:45:00,0.0,8.0,NE,NE
1712,2026-05-05,20:00:00,0.0,3.2,SE,SE
1713,2026-05-05,20:15:00,1.6,6.4,NE,NNE
1714,2026-05-05,20:30:00,0.0,6.4,N,NNE
1715,2026-05-05,20:45:00,3.2,14.5,NNW,NNW
1716,2026-05-05,21:00:00,4.8,14.5,NNW,NW
1717,2026-05-05,21:15:00,4.8,16.1,N,NNW
1718,2026-05-05,21:30:00,4.8,16.1,NNE,NW
1719,2026-05-05,21:45:00,3.2,11.3,N,NNW
1720,2026-05-05,22:00:00,1.6,11.3,SW,WNW
1721,2026-05-05,22:15:00,3.2,12.9,SW,NW
1722,2026-05-05,22:30:00,1.6,11.3,NW,NW
1723,2026-05-05,22:45:00,1.6,6.4,N,NW
1724,2026-05-05,23:00:00,1.6,11.3,NNE,WNW
1725,2026-05-05,23:15:00,1.6,6.4,WNW,NNW
1726,2026-05-05,23:30:00,0.0,3.2,NW,NNW
1727,2026-05-05,23:45:00,0.0,0.0,,
1918,2026-05-06,00:15:00,0.0,0.0,,
1919,2026-05-06,00:30:00,0.0,0.0,,
1920,2026-05-06,00:45:00,0.0,0.0,,
1921,2026-05-06,01:00:00,0.0,3.2,ENE,ENE
1922,2026-05-06,01:15:00,0.0,1.6,NNE,NNE
1923,2026-05-06,01:30:00,0.0,0.0,,
1924,2026-05-06,01:45:00,0.0,0.0,,
1925,2026-05-06,02:00:00,0.0,0.0,,
1926,2026-05-06,02:15:00,0.0,0.0,,
1927,2026-05-06,02:30:00,0.0,0.0,,
1928,2026-05-06,02:45:00,0.0,0.0,,
1929,2026-05-06,03:00:00,0.0,0.0,,
1930,2026-05-06,03:15:00,0.0,0.0,,
1931,2026-05-06,03:30:00,0.0,0.0,,
1932,2026-05-06,03:45:00,0.0,0.0,,
1933,2026-05-06,04:00:00,0.0,0.0,,
1934,2026-05-06,04:15:00,0.0,0.0,,
1935,2026-05-06,04:30:00,0.0,0.0,,
1936,2026-05-06,04:45:00,0.0,0.0,,
1937,2026-05-06,05:00:00,0.0,0.0,,
1938,2026-05-06,05:15:00,0.0,0.0,,
1939,2026-05-06,05:30:00,0.0,0.0,,
1940,2026-05-06,05:45:00,0.0,0.0,,
1941,2026-05-06,06:00:00,0.0,0.0,,
1942,2026-05-06,06:15:00,0.0,0.0,,
1943,2026-05-06,06:30:00,0.0,0.0,,
1944,2026-05-06,06:45:00,0.0,0.0,,
1945,2026-05-06,07:00:00,0.0,0.0,,
1946,2026-05-06,07:15:00,0.0,0.0,,
1947,2026-05-06,07:30:00,0.0,0.0,,
1948,2026-05-06,07:45:00,0.0,1.6,NE,WNW
1949,2026-05-06,08:00:00,0.0,1.6,WNW,NNW
1950,2026-05-06,08:15:00,0.0,1.6,NE,E
1951,2026-05-06,08:30:00,0.0,3.2,ESE,ESE
1952,2026-05-06,08:45:00,0.0,4.8,SSE,ESE
1953,2026-05-06,09:00:00,1.6,4.8,SE,SSE
1954,2026-05-06,09:15:00,0.0,4.8,SE,S
1955,2026-05-06,09:30:00,1.6,4.8,S,SSE
1956,2026-05-06,09:45:00,0.0,1.6,SSE,SE
1957,2026-05-06,10:00:00,0.0,3.2,NNW,NW
1958,2026-05-06,10:15:00,0.0,8.0,WNW,NW
1959,2026-05-06,10:30:00,0.0,6.4,SSE,SSE
1960,2026-05-06,10:45:00,1.6,6.4,SSE,SSE
1961,2026-05-06,11:00:00,0.0,4.8,SSE,SSE
1962,2026-05-06,11:15:00,1.6,6.4,SSE,SE
1963,2026-05-06,11:30:00,1.6,9.7,NE,NE
1964,2026-05-06,11:45:00,1.6,8.0,WNW,NW
1965,2026-05-06,12:00:00,3.2,14.5,NNE,NNE
1966,2026-05-06,12:15:00,4.8,14.5,N,NNE
1967,2026-05-06,12:30:00,3.2,17.7,NNE,NE
1968,2026-05-06,12:45:00,3.2,9.7,SSE,NE
1969,2026-05-06,13:00:00,1.6,9.7,N,NNE
1970,2026-05-06,13:15:00,1.6,9.7,NNW,NNW
1971,2026-05-06,13:30:00,1.6,8.0,NNE,NNE
1972,2026-05-06,13:45:00,3.2,11.3,SSE,SSE
1973,2026-05-06,14:00:00,1.6,8.0,SE,SSE
1974,2026-05-06,14:15:00,1.6,12.9,N,N
1975,2026-05-06,14:30:00,1.6,9.7,NNW,N
1976,2026-05-06,14:45:00,1.6,6.4,NE,SSE
1977,2026-05-06,15:00:00,1.6,8.0,S,SSE
1978,2026-05-06,15:15:00,1.6,8.0,SSE,SE
1979,2026-05-06,15:30:00,3.2,8.0,SE,SE
1980,2026-05-06,15:45:00,3.2,11.3,SSE,SSE
1981,2026-05-06,16:00:00,3.2,8.0,SSE,SSE
1982,2026-05-06,16:15:00,1.6,9.7,SSE,SSE
1983,2026-05-06,16:30:00,3.2,9.7,S,SSE
1984,2026-05-06,16:45:00,1.6,6.4,S,SSE
1985,2026-05-06,17:00:00,3.2,27.4,WSW,NW
1986,2026-05-06,17:15:00,4.8,14.5,N,NNE
1987,2026-05-06,17:30:00,0.0,9.7,NE,NE
1988,2026-05-06,17:45:00,6.4,17.7,N,NW
1989,2026-05-06,18:00:00,8.0,19.3,NW,NNW
1990,2026-05-06,18:15:00,4.8,17.7,NW,NNW
1991,2026-05-06,18:30:00,4.8,17.7,NW,NNW
1992,2026-05-06,18:45:00,4.8,17.7,N,NNW
1993,2026-05-06,19:00:00,1.6,12.9,WSW,NW
1994,2026-05-06,19:15:00,1.6,9.7,N,NW
1995,2026-05-06,19:30:00,4.8,11.3,WNW,NW
1996,2026-05-06,19:45:00,8.0,19.3,WSW,NW
1997,2026-05-06,20:00:00,6.4,20.9,NW,WNW
1998,2026-05-06,20:15:00,4.8,16.1,WNW,NW
1999,2026-05-06,20:30:00,4.8,12.9,NW,NW
2000,2026-05-06,20:45:00,4.8,14.5,N,NW
2001,2026-05-06,21:00:00,3.2,12.9,WSW,WNW
2002,2026-05-06,21:15:00,3.2,12.9,NW,NW
2003,2026-05-06,21:30:00,4.8,14.5,N,NNW
2004,2026-05-06,21:45:00,3.2,12.9,WSW,NW
2005,2026-05-06,22:00:00,3.2,11.3,WNW,NW
2006,2026-05-06,22:15:00,1.6,11.3,NE,NNW
2007,2026-05-06,22:30:00,0.0,4.8,W,WSW
2008,2026-05-06,22:45:00,0.0,1.6,W,NNW
2009,2026-05-06,23:00:00,0.0,1.6,NNW,NNW
2010,2026-05-06,23:15:00,0.0,0.0,,
2011,2026-05-06,23:30:00,0.0,3.2,N,NNW
2012,2026-05-06,23:45:00,0.0,0.0,,
2013,2026-05-07,00:15:00,0.0,0.0,,
2014,2026-05-07,00:30:00,0.0,0.0,,
2015,2026-05-07,00:45:00,0.0,0.0,,
2016,2026-05-07,01:00:00,0.0,0.0,,
2017,2026-05-07,01:15:00,0.0,0.0,,
2018,2026-05-07,01:30:00,0.0,0.0,,
2019,2026-05-07,01:45:00,0.0,0.0,,
2020,2026-05-07,02:00:00,0.0,0.0,,
2021,2026-05-07,02:15:00,0.0,0.0,,
2022,2026-05-07,02:30:00,0.0,0.0,,
2023,2026-05-07,02:45:00,0.0,0.0,,
2024,2026-05-07,03:00:00,0.0,0.0,,
2025,2026-05-07,03:15:00,0.0,0.0,,
2026,2026-05-07,03:30:00,0.0,0.0,,
2027,2026-05-07,03:45:00,0.0,0.0,,
2028,2026-05-07,04:00:00,0.0,0.0,,
2029,2026-05-07,04:15:00,0.0,0.0,,
2030,2026-05-07,04:30:00,0.0,0.0,,
2031,2026-05-07,04:45:00,0.0,0.0,,
2032,2026-05-07,05:00:00,0.0,0.0,,
2033,2026-05-07,05:15:00,0.0,0.0,,
2034,2026-05-07,05:30:00,0.0,0.0,,
2035,2026-05-07,05:45:00,0.0,0.0,,
2036,2026-05-07,06:00:00,0.0,0.0,,
2037,2026-05-07,06:15:00,0.0,0.0,,
2038,2026-05-07,06:30:00,0.0,0.0,,
2039,2026-05-07,06:45:00,0.0,0.0,,
2040,2026-05-07,07:00:00,0.0,0.0,,
2041,2026-05-07,07:15:00,0.0,0.0,,
2042,2026-05-07,07:30:00,0.0,3.2,NNW,NNW
2043,2026-05-07,07:45:00,1.6,4.8,NW,NNW
2044,2026-05-07,08:00:00,0.0,0.0,,
2045,2026-05-07,08:15:00,0.0,3.2,WNW,E
2046,2026-05-07,08:30:00,0.0,3.2,NW,NW
2047,2026-05-07,08:45:00,0.0,3.2,NE,NE
2048,2026-05-07,09:00:00,0.0,4.8,NW,NNW
2049,2026-05-07,09:15:00,0.0,1.6,ENE,NE
2050,2026-05-07,09:30:00,1.6,8.0,NNW,NNW
2051,2026-05-07,09:45:00,1.6,8.0,NW,NW
2052,2026-05-07,10:00:00,1.6,11.3,NNW,NW
2053,2026-05-07,10:15:00,3.2,14.5,N,NW
2054,2026-05-07,10:30:00,4.8,14.5,N,WNW
2055,2026-05-07,10:45:00,4.8,16.1,SW,NW
2056,2026-05-07,11:00:00,4.8,11.3,WSW,WNW
2057,2026-05-07,11:15:00,3.2,11.3,WNW,NW
2058,2026-05-07,11:30:00,3.2,11.3,E,W
2059,2026-05-07,11:45:00,4.8,14.5,NNE,NNW
2060,2026-05-07,12:00:00,4.8,14.5,NW,WNW
2061,2026-05-07,12:15:00,4.8,12.9,NNW,NNW
2062,2026-05-07,12:30:00,4.8,16.1,W,NW
2063,2026-05-07,12:45:00,4.8,16.1,W,NW
2064,2026-05-07,13:00:00,4.8,16.1,WSW,WNW
2065,2026-05-07,13:15:00,3.2,9.7,NE,NW
2066,2026-05-07,13:30:00,1.6,9.7,NNW,NNW
2067,2026-05-07,13:45:00,3.2,9.7,NNW,NNW
2068,2026-05-07,14:00:00,4.8,11.3,NW,NW
2069,2026-05-07,14:15:00,3.2,12.9,NW,NW
2070,2026-05-07,14:30:00,3.2,9.7,NNW,NW
2071,2026-05-07,14:45:00,1.6,8.0,N,NNE
2072,2026-05-07,15:00:00,4.8,11.3,N,NW
2073,2026-05-07,15:15:00,0.0,4.8,SE,SE
2074,2026-05-07,15:30:00,1.6,8.0,N,NE
2075,2026-05-07,15:45:00,0.0,4.8,ESE,SSE
2076,2026-05-07,16:00:00,0.0,3.2,NNW,NNW
2077,2026-05-07,16:15:00,0.0,1.6,SE,SE
2078,2026-05-07,16:30:00,1.6,11.3,ESE,SSE
2079,2026-05-07,16:45:00,3.2,14.5,S,SSE
2080,2026-05-07,17:00:00,0.0,3.2,SSE,SSE
2081,2026-05-07,17:15:00,1.6,11.3,SSE,SSE
2082,2026-05-07,17:30:00,0.0,4.8,ESE,NE
2083,2026-05-07,17:45:00,3.2,14.5,NNE,NNE
2084,2026-05-07,18:00:00,6.4,19.3,NNW,NNE
2085,2026-05-07,18:15:00,6.4,19.3,N,NNE
2086,2026-05-07,18:30:00,4.8,22.5,NW,NW
2087,2026-05-07,18:45:00,8.0,24.1,N,NW
2088,2026-05-07,19:00:00,6.4,25.7,NW,NE
2089,2026-05-07,19:15:00,3.2,12.9,ENE,NE
2090,2026-05-07,19:30:00,3.2,12.9,N,NE
2091,2026-05-07,19:45:00,3.2,12.9,NE,NE
2092,2026-05-07,20:00:00,0.0,6.4,WSW,SSE
2093,2026-05-07,20:15:00,1.6,4.8,SE,SE
2094,2026-05-07,20:30:00,1.6,8.0,NW,SE
2095,2026-05-07,20:45:00,3.2,16.1,NNE,NW
2096,2026-05-07,21:00:00,3.2,12.9,WNW,NW
2097,2026-05-07,21:15:00,4.8,12.9,NNW,NW
2098,2026-05-07,21:30:00,4.8,14.5,NNW,NW
2099,2026-05-07,21:45:00,1.6,6.4,WNW,WNW
2100,2026-05-07,22:00:00,1.6,4.8,NNE,NW
2101,2026-05-07,22:15:00,0.0,1.6,N,E
2102,2026-05-07,22:30:00,0.0,4.8,NNE,N
2103,2026-05-07,22:45:00,1.6,8.0,NW,NNW
2104,2026-05-07,23:00:00,0.0,6.4,NW,N
2105,2026-05-07,23:15:00,0.0,0.0,,
2106,2026-05-07,23:30:00,0.0,0.0,,
2107,2026-05-07,23:45:00,0.0,0.0,,
2108,2026-05-08,00:15:00,0.0,0.0,,
2109,2026-05-08,00:30:00,0.0,0.0,,
2110,2026-05-08,00:45:00,0.0,0.0,,
2111,2026-05-08,01:00:00,0.0,0.0,,
2112,2026-05-08,01:15:00,0.0,0.0,,
2113,2026-05-08,01:30:00,0.0,0.0,,
2114,2026-05-08,01:45:00,0.0,0.0,,
2115,2026-05-08,02:00:00,0.0,0.0,,
2116,2026-05-08,02:15:00,0.0,0.0,,
2117,2026-05-08,02:30:00,0.0,0.0,,
2118,2026-05-08,02:45:00,0.0,1.6,WNW,WNW
2119,2026-05-08,03:00:00,0.0,0.0,,
2120,2026-05-08,03:15:00,0.0,0.0,,
2121,2026-05-08,03:30:00,0.0,0.0,,
2122,2026-05-08,03:45:00,0.0,0.0,,
2123,2026-05-08,04:00:00,0.0,0.0,,
2124,2026-05-08,04:15:00,0.0,0.0,,
2125,2026-05-08,04:30:00,0.0,0.0,,
2126,2026-05-08,04:45:00,0.0,0.0,,
2127,2026-05-08,05:00:00,0.0,0.0,,
2128,2026-05-08,05:15:00,0.0,0.0,,
2129,2026-05-08,05:30:00,0.0,0.0,,
2130,2026-05-08,05:45:00,0.0,0.0,,
2131,2026-05-08,06:00:00,0.0,0.0,,
2132,2026-05-08,06:15:00,0.0,0.0,,
2133,2026-05-08,06:30:00,0.0,0.0,,
2134,2026-05-08,06:45:00,0.0,0.0,,
2135,2026-05-08,07:00:00,0.0,0.0,,
2136,2026-05-08,07:15:00,0.0,0.0,,
2137,2026-05-08,07:30:00,0.0,0.0,,
2138,2026-05-08,07:45:00,0.0,1.6,E,E
2139,2026-05-08,08:00:00,0.0,1.6,ESE,ESE
2140,2026-05-08,08:15:00,0.0,1.6,ESE,SE
2141,2026-05-08,08:30:00,0.0,3.2,E,E
2142,2026-05-08,08:45:00,0.0,3.2,E,SE
2143,2026-05-08,09:00:00,0.0,1.6,SE,SE
2144,2026-05-08,09:15:00,0.0,4.8,NE,NE
2145,2026-05-08,09:30:00,0.0,4.8,NE,NE
2146,2026-05-08,09:45:00,1.6,9.7,N,SSE
2147,2026-05-08,10:00:00,3.2,11.3,N,NW
2148,2026-05-08,10:15:00,1.6,8.0,N,ESE
2149,2026-05-08,10:30:00,1.6,8.0,NW,NW
2150,2026-05-08,10:45:00,1.6,9.7,SW,NNW
2151,2026-05-08,11:00:00,1.6,11.3,NNW,SSE
2152,2026-05-08,11:15:00,1.6,8.0,W,NE
2153,2026-05-08,11:30:00,0.0,3.2,NE,NE
2154,2026-05-08,11:45:00,1.6,11.3,NW,NW
2155,2026-05-08,12:00:00,0.0,8.0,W,NW
2156,2026-05-08,12:15:00,1.6,11.3,W,NW
2157,2026-05-08,12:30:00,1.6,11.3,NW,WNW
2158,2026-05-08,12:45:00,3.2,8.0,WNW,NNW
2159,2026-05-08,13:00:00,3.2,11.3,NE,NE
2160,2026-05-08,13:15:00,1.6,8.0,NNE,NNE
2161,2026-05-08,13:30:00,1.6,9.7,W,NNW
2162,2026-05-08,13:45:00,4.8,19.3,ESE,ESE
2163,2026-05-08,14:00:00,4.8,17.7,WNW,NW
2164,2026-05-08,14:15:00,4.8,20.9,SW,NW
2165,2026-05-08,14:30:00,1.6,8.0,N,SSE
2166,2026-05-08,14:45:00,1.6,8.0,N,NNE
2167,2026-05-08,15:00:00,0.0,8.0,NNE,NE
2168,2026-05-08,15:15:00,1.6,16.1,NNW,NW
2169,2026-05-08,15:30:00,3.2,16.1,SW,NW
2170,2026-05-08,15:45:00,4.8,17.7,N,NNW
2171,2026-05-08,16:00:00,1.6,11.3,NE,NNW
2172,2026-05-08,16:15:00,3.2,11.3,N,NNW
2173,2026-05-08,16:30:00,3.2,14.5,NNW,NNW
2174,2026-05-08,16:45:00,4.8,12.9,WNW,NW
2175,2026-05-08,17:00:00,1.6,8.0,NNW,NNW
2176,2026-05-08,17:15:00,1.6,6.4,WSW,NW
2177,2026-05-08,17:30:00,0.0,6.4,NW,NE
2178,2026-05-08,17:45:00,3.2,14.5,N,NNW
2179,2026-05-08,18:00:00,3.2,14.5,WNW,NNW
2180,2026-05-08,18:15:00,1.6,16.1,NE,NNW
2181,2026-05-08,18:30:00,0.0,4.8,ENE,NE
2182,2026-05-08,18:45:00,1.6,6.4,NNE,NE
2183,2026-05-08,19:00:00,1.6,9.7,NNE,NNE
2184,2026-05-08,19:15:00,1.6,14.5,ENE,NE
2185,2026-05-08,19:30:00,1.6,12.9,NNE,NE
2186,2026-05-08,19:45:00,0.0,4.8,NW,NNW
2187,2026-05-08,20:00:00,0.0,3.2,SSW,SSW
2188,2026-05-08,20:15:00,0.0,4.8,NE,NE
2189,2026-05-08,20:30:00,0.0,3.2,N,NNE
2190,2026-05-08,20:45:00,0.0,1.6,ENE,ENE
2191,2026-05-08,21:00:00,0.0,0.0,,
2192,2026-05-08,21:15:00,0.0,6.4,SSE,SSE
2193,2026-05-08,21:30:00,1.6,9.7,S,SE
2194,2026-05-08,21:45:00,0.0,3.2,SSE,SSE
2195,2026-05-08,22:00:00,0.0,0.0,,
2196,2026-05-08,22:15:00,0.0,4.8,SE,SE
2197,2026-05-08,22:30:00,0.0,4.8,SSE,SE
2198,2026-05-08,22:45:00,0.0,8.0,SE,SE
2199,2026-05-08,23:00:00,1.6,6.4,SSE,SSE
2200,2026-05-08,23:15:00,0.0,4.8,SE,SSE
2201,2026-05-08,23:30:00,0.0,6.4,SSE,SSE
2202,2026-05-08,23:45:00,0.0,4.8,ESE,SE
2203,2026-05-09,00:15:00,0.0,0.0,,
2204,2026-05-09,00:30:00,0.0,0.0,,
2205,2026-05-09,00:45:00,0.0,0.0,,
2206,2026-05-09,01:00:00,0.0,0.0,,
2207,2026-05-09,01:15:00,0.0,0.0,,
2208,2026-05-09,01:30:00,0.0,0.0,,
2209,2026-05-09,01:45:00,0.0,0.0,,
2210,2026-05-09,02:00:00,0.0,0.0,,
2211,2026-05-09,02:15:00,0.0,0.0,,
2212,2026-05-09,02:30:00,0.0,0.0,,
2213,2026-05-09,02:45:00,0.0,0.0,,
2214,2026-05-09,03:00:00,0.0,0.0,,
2215,2026-05-09,03:15:00,0.0,0.0,,
2216,2026-05-09,03:30:00,0.0,0.0,,
2217,2026-05-09,03:45:00,0.0,0.0,,
2218,2026-05-09,04:00:00,0.0,0.0,,
2219,2026-05-09,04:15:00,0.0,0.0,,
2220,2026-05-09,04:30:00,0.0,0.0,,
2221,2026-05-09,04:45:00,0.0,0.0,,
2222,2026-05-09,05:00:00,0.0,0.0,,
2223,2026-05-09,05:15:00,0.0,0.0,,
2224,2026-05-09,05:30:00,0.0,0.0,,
2225,2026-05-09,05:45:00,0.0,0.0,,
2226,2026-05-09,06:00:00,0.0,0.0,,
2227,2026-05-09,06:15:00,0.0,0.0,,
2228,2026-05-09,06:30:00,0.0,0.0,,
2229,2026-05-09,06:45:00,0.0,0.0,,
2230,2026-05-09,07:00:00,0.0,0.0,,
2231,2026-05-09,07:15:00,0.0,0.0,,
2232,2026-05-09,07:30:00,0.0,0.0,,
2233,2026-05-09,07:45:00,0.0,1.6,ESE,ESE
2234,2026-05-09,08:00:00,0.0,3.2,ESE,ESE
2235,2026-05-09,08:15:00,0.0,3.2,SE,SE
2236,2026-05-09,08:30:00,0.0,4.8,SSE,SSE
2237,2026-05-09,08:45:00,0.0,1.6,NE,NE
2238,2026-05-09,09:00:00,0.0,1.6,NE,N
2239,2026-05-09,09:15:00,0.0,4.8,NNE,NNE
2240,2026-05-09,09:30:00,0.0,3.2,NE,NE
2241,2026-05-09,09:45:00,1.6,8.0,NNW,NW
2242,2026-05-09,10:00:00,1.6,6.4,NW,NW
2243,2026-05-09,10:15:00,1.6,8.0,SSE,SE
2244,2026-05-09,10:30:00,1.6,11.3,N,SE
2245,2026-05-09,10:45:00,0.0,6.4,NE,SSE
2246,2026-05-09,11:00:00,1.6,6.4,NNE,NE
2247,2026-05-09,11:15:00,3.2,8.0,WSW,SSE
2248,2026-05-09,11:30:00,3.2,9.7,SSE,SE
2249,2026-05-09,11:45:00,3.2,8.0,ESE,SSW
2250,2026-05-09,12:00:00,3.2,9.7,S,SE
2251,2026-05-09,12:15:00,1.6,8.0,SW,SE
2252,2026-05-09,12:30:00,3.2,8.0,E,SE
2253,2026-05-09,12:45:00,3.2,9.7,SSE,SSE
2254,2026-05-09,13:00:00,3.2,12.9,S,SSE
2255,2026-05-09,13:15:00,3.2,22.5,NW,SE
2256,2026-05-09,13:30:00,6.4,17.7,NNW,NNW
2257,2026-05-09,13:45:00,6.4,17.7,NE,NW
2258,2026-05-09,14:00:00,1.6,9.7,NW,NE
2259,2026-05-09,14:15:00,4.8,17.7,SW,SSE
2260,2026-05-09,14:30:00,4.8,14.5,SSE,SSE
2261,2026-05-09,14:45:00,4.8,14.5,WNW,WNW
2262,2026-05-09,15:00:00,4.8,17.7,NW,NW
2263,2026-05-09,15:15:00,1.6,11.3,W,NW
2264,2026-05-09,15:30:00,4.8,12.9,N,WNW
2265,2026-05-09,15:45:00,1.6,8.0,N,WNW
2266,2026-05-09,16:00:00,1.6,8.0,SSE,SSE
2267,2026-05-09,16:15:00,3.2,12.9,SSE,SSE
2268,2026-05-09,16:30:00,1.6,6.4,SSE,SE
2269,2026-05-09,16:45:00,0.0,6.4,SSE,SE
2270,2026-05-09,17:00:00,0.0,4.8,ESE,SSE
2271,2026-05-09,17:15:00,0.0,6.4,NW,N
2272,2026-05-09,17:30:00,0.0,0.0,,
2273,2026-05-09,17:45:00,0.0,0.0,,
2274,2026-05-09,18:00:00,0.0,0.0,,
2275,2026-05-09,18:15:00,0.0,0.0,,
2276,2026-05-09,18:30:00,0.0,0.0,,
2277,2026-05-09,18:45:00,0.0,0.0,,
2278,2026-05-09,19:00:00,0.0,0.0,,
2279,2026-05-09,19:15:00,0.0,0.0,,
2280,2026-05-09,19:30:00,0.0,1.6,NNE,NNE
2281,2026-05-09,19:45:00,1.6,12.9,NW,NNW
2282,2026-05-09,20:00:00,0.0,4.8,NNW,N
2283,2026-05-09,20:15:00,0.0,4.8,WNW,WNW
2284,2026-05-09,20:30:00,1.6,6.4,N,NNW
2285,2026-05-09,20:45:00,0.0,1.6,NNW,NE
2286,2026-05-09,21:00:00,0.0,6.4,NW,NNW
2287,2026-05-09,21:15:00,1.6,8.0,NW,NNW
2288,2026-05-09,21:30:00,1.6,6.4,NW,NNW
2289,2026-05-09,21:45:00,1.6,6.4,NNE,NW
2290,2026-05-09,22:00:00,3.2,12.9,NW,WNW
2291,2026-05-09,22:15:00,1.6,8.0,NW,NW
2292,2026-05-09,22:30:00,0.0,6.4,WNW,NW
2293,2026-05-09,22:45:00,0.0,3.2,NW,WNW
2294,2026-05-09,23:00:00,0.0,6.4,NNE,NNW
2295,2026-05-09,23:15:00,3.2,11.3,WSW,WNW
2296,2026-05-09,23:30:00,1.6,9.7,SSW,WNW
2297,2026-05-09,23:45:00,1.6,8.0,NW,NNW
2298,2026-05-10,00:15:00,0.0,6.4,WSW,NW
2299,2026-05-10,00:30:00,0.0,4.8,E,E
2300,2026-05-10,00:45:00,0.0,0.0,,
2301,2026-05-10,01:00:00,0.0,0.0,,
2302,2026-05-10,01:15:00,0.0,0.0,,
2303,2026-05-10,01:30:00,0.0,0.0,,
2304,2026-05-10,01:45:00,0.0,0.0,,
2305,2026-05-10,02:00:00,0.0,0.0,,
2306,2026-05-10,02:15:00,0.0,0.0,,
2307,2026-05-10,02:30:00,0.0,0.0,,
2308,2026-05-10,02:45:00,0.0,0.0,,
2309,2026-05-10,03:00:00,0.0,0.0,,
2310,2026-05-10,03:15:00,0.0,0.0,,
2311,2026-05-10,03:30:00,0.0,0.0,,
2312,2026-05-10,03:45:00,0.0,0.0,,
2313,2026-05-10,04:00:00,0.0,0.0,,
2314,2026-05-10,04:15:00,0.0,0.0,,
2315,2026-05-10,04:30:00,0.0,0.0,,
2316,2026-05-10,04:45:00,0.0,0.0,,
2317,2026-05-10,05:00:00,0.0,0.0,,
2318,2026-05-10,05:15:00,0.0,0.0,,
2319,2026-05-10,05:30:00,0.0,0.0,,
2320,2026-05-10,05:45:00,0.0,0.0,,
2321,2026-05-10,06:00:00,0.0,0.0,,
2322,2026-05-10,06:15:00,0.0,0.0,,
2323,2026-05-10,06:30:00,0.0,0.0,,
2324,2026-05-10,06:45:00,0.0,0.0,,
2325,2026-05-10,07:00:00,0.0,1.6,W,W
2326,2026-05-10,07:15:00,0.0,3.2,NW,NNW
2327,2026-05-10,07:30:00,0.0,1.6,NE,NE
2328,2026-05-10,07:45:00,0.0,3.2,ESE,ESE
2329,2026-05-10,08:00:00,0.0,1.6,ESE,E
2330,2026-05-10,08:15:00,0.0,3.2,WNW,WNW
2331,2026-05-10,08:30:00,0.0,4.8,NNW,NNW
2332,2026-05-10,08:45:00,0.0,8.0,N,NW
2333,2026-05-10,09:00:00,0.0,8.0,NNW,NW
2334,2026-05-10,09:15:00,1.6,8.0,NW,NE
2335,2026-05-10,09:30:00,1.6,6.4,NNE,NNE
2336,2026-05-10,09:45:00,0.0,6.4,WNW,WNW
2337,2026-05-10,10:00:00,1.6,9.7,WSW,WNW
2338,2026-05-10,10:15:00,1.6,11.3,WNW,NW
2339,2026-05-10,10:30:00,1.6,8.0,WNW,NW
2340,2026-05-10,10:45:00,1.6,11.3,NW,NW
2341,2026-05-10,11:00:00,1.6,8.0,NNE,NNE
2342,2026-05-10,11:15:00,1.6,11.3,NNE,NNE
2343,2026-05-10,11:30:00,0.0,4.8,ESE,ESE
2344,2026-05-10,11:45:00,0.0,4.8,SE,SE
2345,2026-05-10,12:00:00,0.0,3.2,SE,SE
2346,2026-05-10,12:15:00,1.6,8.0,NNW,NE
2347,2026-05-10,12:30:00,1.6,8.0,NNE,NNE
2348,2026-05-10,12:45:00,1.6,9.7,N,NE
2349,2026-05-10,13:00:00,1.6,9.7,N,NNE
2350,2026-05-10,13:15:00,1.6,6.4,N,NNE
2351,2026-05-10,13:30:00,1.6,8.0,NNW,NNW
2352,2026-05-10,13:45:00,3.2,11.3,WNW,NW
2353,2026-05-10,14:00:00,1.6,6.4,NW,NNE
2354,2026-05-10,14:15:00,0.0,3.2,NE,NE
2355,2026-05-10,14:30:00,0.0,6.4,SE,SE
2356,2026-05-10,14:45:00,1.6,11.3,S,SSE
2357,2026-05-10,15:00:00,0.0,6.4,SSE,E
2358,2026-05-10,15:15:00,0.0,6.4,SSE,SE
2359,2026-05-10,15:30:00,0.0,6.4,SSE,SE
2360,2026-05-10,15:45:00,4.8,16.1,SSE,SSE
2361,2026-05-10,16:00:00,1.6,9.7,W,SSE
2362,2026-05-10,16:15:00,0.0,4.8,S,SSE
2363,2026-05-10,16:30:00,0.0,3.2,NNE,SSE
2364,2026-05-10,16:45:00,0.0,4.8,SSE,SE
2365,2026-05-10,17:00:00,0.0,4.8,SSE,SSE
2366,2026-05-10,17:15:00,0.0,8.0,SE,SSE
2367,2026-05-10,17:30:00,0.0,8.0,NE,NE
2368,2026-05-10,17:45:00,0.0,1.6,NE,NE
2369,2026-05-10,18:00:00,0.0,3.2,SE,SE
2370,2026-05-10,18:15:00,0.0,3.2,SW,SE
2371,2026-05-10,18:30:00,0.0,1.6,ENE,ESE
2372,2026-05-10,18:45:00,0.0,3.2,ESE,ESE
2373,2026-05-10,19:00:00,0.0,0.0,,
2374,2026-05-10,19:15:00,0.0,0.0,,
2375,2026-05-10,19:30:00,0.0,0.0,,
2376,2026-05-10,19:45:00,0.0,1.6,NE,NE
2377,2026-05-10,20:00:00,0.0,3.2,NE,NNE
2378,2026-05-10,20:15:00,0.0,1.6,NE,NE
2379,2026-05-10,20:30:00,0.0,0.0,,
2380,2026-05-10,20:45:00,0.0,1.6,NE,NE
2381,2026-05-10,21:00:00,0.0,3.2,NW,NW
2382,2026-05-10,21:15:00,0.0,1.6,NE,E
2383,2026-05-10,21:30:00,0.0,1.6,E,E
2384,2026-05-10,21:45:00,0.0,0.0,,
2385,2026-05-10,22:00:00,0.0,0.0,,
2386,2026-05-10,22:15:00,0.0,0.0,,
2387,2026-05-10,22:30:00,0.0,0.0,,
2388,2026-05-10,22:45:00,0.0,0.0,,
2389,2026-05-10,23:00:00,0.0,0.0,,
2390,2026-05-10,23:15:00,0.0,0.0,,
2391,2026-05-10,23:30:00,0.0,0.0,,
2392,2026-05-10,23:45:00,0.0,0.0,,
2393,2026-05-11,00:15:00,0.0,0.0,,
2394,2026-05-11,00:30:00,0.0,0.0,,
2395,2026-05-11,00:45:00,0.0,0.0,,
2396,2026-05-11,01:00:00,0.0,0.0,,
2397,2026-05-11,01:15:00,0.0,0.0,,
2398,2026-05-11,01:30:00,0.0,0.0,,
2399,2026-05-11,01:45:00,0.0,0.0,,
2400,2026-05-11,02:00:00,0.0,0.0,,
2401,2026-05-11,02:15:00,0.0,0.0,,
2402,2026-05-11,02:30:00,0.0,0.0,,
2403,2026-05-11,02:45:00,0.0,0.0,,
2404,2026-05-11,03:00:00,0.0,0.0,,
2405,2026-05-11,03:15:00,0.0,0.0,,
2406,2026-05-11,03:30:00,0.0,0.0,,
2407,2026-05-11,03:45:00,0.0,0.0,,
2408,2026-05-11,04:00:00,0.0,0.0,,
2409,2026-05-11,04:15:00,0.0,0.0,,
2410,2026-05-11,04:30:00,0.0,0.0,,
2411,2026-05-11,04:45:00,0.0,0.0,,
2412,2026-05-11,05:00:00,0.0,0.0,,
2413,2026-05-11,05:15:00,0.0,0.0,,
2414,2026-05-11,05:30:00,0.0,1.6,NNW,NNW
2415,2026-05-11,05:45:00,0.0,0.0,,
2416,2026-05-11,06:00:00,0.0,0.0,,
2417,2026-05-11,06:15:00,0.0,0.0,,
2418,2026-05-11,06:30:00,0.0,0.0,,
2419,2026-05-11,06:45:00,0.0,0.0,,
2420,2026-05-11,07:00:00,0.0,0.0,,
2421,2026-05-11,07:15:00,0.0,0.0,,
2422,2026-05-11,07:30:00,0.0,1.6,E,E
2423,2026-05-11,07:45:00,0.0,0.0,,
2424,2026-05-11,08:00:00,0.0,1.6,NE,SE
2425,2026-05-11,08:15:00,0.0,1.6,NE,NE
2426,2026-05-11,08:30:00,0.0,0.0,,
2427,2026-05-11,08:45:00,0.0,1.6,E,E
2428,2026-05-11,09:00:00,0.0,1.6,ESE,NW
2429,2026-05-11,09:15:00,0.0,3.2,NNE,NW
2430,2026-05-11,09:30:00,1.6,6.4,NNW,NW
2431,2026-05-11,09:45:00,0.0,4.8,ENE,ENE
2432,2026-05-11,10:00:00,0.0,6.4,WNW,NNW
2433,2026-05-11,10:15:00,1.6,6.4,WNW,SE
2434,2026-05-11,10:30:00,1.6,9.7,N,SSE
2435,2026-05-11,10:45:00,1.6,9.7,NNW,NNE
2436,2026-05-11,11:00:00,1.6,11.3,NNE,NNE
2437,2026-05-11,11:15:00,1.6,9.7,SE,SE
2438,2026-05-11,11:30:00,1.6,4.8,SE,SSE
2439,2026-05-11,11:45:00,1.6,12.9,NNW,NE
2440,2026-05-11,12:00:00,1.6,11.3,NNW,NNW
2441,2026-05-11,12:15:00,1.6,9.7,NW,NW
2442,2026-05-11,12:30:00,0.0,4.8,NNW,N
2443,2026-05-11,12:45:00,1.6,12.9,WSW,NNW
2444,2026-05-11,13:00:00,0.0,4.8,NE,WNW
2445,2026-05-11,13:15:00,3.2,12.9,NNE,NW
2446,2026-05-11,13:30:00,3.2,16.1,WNW,NNW
2447,2026-05-11,13:45:00,4.8,12.9,WSW,NW
2448,2026-05-11,14:00:00,4.8,11.3,WNW,NW
2449,2026-05-11,14:15:00,3.2,12.9,NNW,WNW
2450,2026-05-11,14:30:00,3.2,12.9,N,NW
2451,2026-05-11,14:45:00,1.6,12.9,WNW,NNE
2452,2026-05-11,15:00:00,3.2,12.9,WSW,NNE
2453,2026-05-11,15:15:00,3.2,11.3,NW,NNE
2454,2026-05-11,15:30:00,1.6,6.4,E,NNE
2455,2026-05-11,15:45:00,3.2,9.7,NNE,NE
2456,2026-05-11,16:00:00,4.8,14.5,NNE,NE
2457,2026-05-11,16:15:00,4.8,16.1,N,NNE
2458,2026-05-11,16:30:00,6.4,19.3,N,NNE
2459,2026-05-11,16:45:00,6.4,17.7,NNE,NNE
2460,2026-05-11,17:00:00,4.8,14.5,N,NNE
2461,2026-05-11,17:15:00,3.2,12.9,NE,NNE
2462,2026-05-11,17:30:00,0.0,6.4,NE,NNE
2463,2026-05-11,17:45:00,0.0,6.4,NNE,N
2464,2026-05-11,18:00:00,0.0,9.7,ENE,NE
2465,2026-05-11,18:15:00,1.6,8.0,NNE,NNW
2466,2026-05-11,18:30:00,1.6,9.7,NNE,NNW
2467,2026-05-11,18:45:00,6.4,19.3,N,NNE
2468,2026-05-11,19:00:00,3.2,12.9,NNE,NE
2469,2026-05-11,19:15:00,3.2,11.3,NE,NE
2470,2026-05-11,19:30:00,3.2,14.5,ENE,NNE
2471,2026-05-11,19:45:00,1.6,22.5,NW,NNE
2472,2026-05-11,20:00:00,1.6,11.3,NNW,NE
2473,2026-05-11,20:15:00,0.0,12.9,NNE,NE
2474,2026-05-11,20:30:00,0.0,3.2,NW,WNW
2475,2026-05-11,20:45:00,0.0,0.0,,
2476,2026-05-11,21:00:00,0.0,4.8,NNW,NNW
2477,2026-05-11,21:15:00,1.6,8.0,N,W
2478,2026-05-11,21:30:00,0.0,3.2,W,WNW
2479,2026-05-11,21:45:00,0.0,3.2,NW,WNW
2480,2026-05-11,22:00:00,0.0,3.2,WNW,WNW
2481,2026-05-11,22:15:00,0.0,1.6,NNW,WNW
2482,2026-05-11,22:30:00,0.0,4.8,WNW,WNW
2483,2026-05-11,22:45:00,1.6,8.0,NW,NNW
2484,2026-05-11,23:00:00,0.0,8.0,NNE,NNW
2485,2026-05-11,23:15:00,0.0,3.2,NNW,NNW
2486,2026-05-11,23:30:00,0.0,1.6,N,N
2487,2026-05-11,23:45:00,0.0,3.2,WNW,WNW
2488,2026-05-12,00:15:00,0.0,3.2,NW,W
2489,2026-05-12,00:30:00,0.0,4.8,WNW,E
2490,2026-05-12,00:45:00,0.0,8.0,W,W
2491,2026-05-12,01:00:00,0.0,3.2,NNW,N
2492,2026-05-12,01:15:00,0.0,1.6,NNE,NNE
2493,2026-05-12,01:30:00,0.0,0.0,,
2494,2026-05-12,01:45:00,0.0,1.6,E,E
2495,2026-05-12,02:00:00,0.0,0.0,,
2496,2026-05-12,02:15:00,0.0,0.0,,
2497,2026-05-12,02:30:00,0.0,0.0,,
2498,2026-05-12,02:45:00,0.0,1.6,W,W
2499,2026-05-12,03:00:00,0.0,4.8,W,NW
2500,2026-05-12,03:15:00,0.0,8.0,W,W
2501,2026-05-12,03:30:00,0.0,4.8,W,W
2502,2026-05-12,03:45:00,0.0,4.8,WNW,NW
2503,2026-05-12,04:00:00,0.0,3.2,NNW,WNW
2504,2026-05-12,04:15:00,0.0,3.2,WNW,WNW
2505,2026-05-12,04:30:00,0.0,3.2,NW,WNW
2506,2026-05-12,04:45:00,0.0,1.6,NW,NW
2507,2026-05-12,05:00:00,0.0,3.2,NW,N
2508,2026-05-12,05:15:00,0.0,4.8,NW,ESE
2509,2026-05-12,05:30:00,0.0,3.2,WNW,WNW
2510,2026-05-12,05:45:00,0.0,3.2,W,W
2511,2026-05-12,06:00:00,0.0,1.6,NW,WNW
2512,2026-05-12,06:15:00,0.0,1.6,NNW,ENE
2513,2026-05-12,06:30:00,0.0,4.8,W,WNW
2514,2026-05-12,06:45:00,0.0,4.8,WNW,NW
2515,2026-05-12,07:00:00,1.6,8.0,WNW,NW
2516,2026-05-12,07:15:00,1.6,6.4,NNW,NW
2517,2026-05-12,07:30:00,0.0,6.4,WNW,NW
2518,2026-05-12,07:45:00,1.6,6.4,WSW,NW
2519,2026-05-12,08:00:00,1.6,6.4,WSW,WNW
2520,2026-05-12,08:15:00,1.6,8.0,WNW,NW
2521,2026-05-12,08:30:00,0.0,4.8,NW,NW
2522,2026-05-12,08:45:00,0.0,3.2,NNW,WNW
2523,2026-05-12,09:00:00,0.0,1.6,ENE,WNW
2524,2026-05-12,09:15:00,0.0,3.2,NNW,N
2525,2026-05-12,09:30:00,0.0,4.8,WNW,WNW
2526,2026-05-12,09:45:00,0.0,3.2,NW,NNW
2527,2026-05-12,10:00:00,1.6,6.4,WNW,NNW
2528,2026-05-12,10:15:00,0.0,3.2,NNW,N
2529,2026-05-12,10:30:00,1.6,6.4,NNE,NNW
2530,2026-05-12,10:45:00,1.6,8.0,WNW,NW
2531,2026-05-12,11:00:00,1.6,8.0,WNW,NE
2532,2026-05-12,11:15:00,1.6,9.7,WNW,NW
2533,2026-05-12,11:30:00,1.6,12.9,NE,NW
2534,2026-05-12,11:45:00,1.6,6.4,NW,NE
2535,2026-05-12,12:00:00,0.0,3.2,NNE,NNE
2536,2026-05-12,12:15:00,1.6,6.4,ESE,E
2537,2026-05-12,12:30:00,1.6,8.0,N,NW
2538,2026-05-12,12:45:00,3.2,11.3,NNW,NNW
2539,2026-05-12,13:00:00,1.6,8.0,NW,NNW
2540,2026-05-12,13:15:00,4.8,12.9,NNW,WNW
2541,2026-05-12,13:30:00,1.6,11.3,N,NNW
2542,2026-05-12,13:45:00,4.8,12.9,W,NW
2543,2026-05-12,14:00:00,1.6,11.3,WSW,NW
2544,2026-05-12,14:15:00,4.8,14.5,WNW,NW
2545,2026-05-12,14:30:00,3.2,11.3,NNW,WNW
2546,2026-05-12,14:45:00,4.8,12.9,NNE,NW
2547,2026-05-12,15:00:00,4.8,14.5,NW,NW
2548,2026-05-12,15:15:00,3.2,17.7,SW,NNW
2549,2026-05-12,15:30:00,3.2,11.3,WNW,NW
2550,2026-05-12,15:45:00,1.6,9.7,W,NW
2551,2026-05-12,16:00:00,11.3,22.5,SSE,SSE
2552,2026-05-12,16:15:00,6.4,20.9,SSW,SSE
2553,2026-05-12,16:30:00,1.6,9.7,SSE,SE
2554,2026-05-12,16:45:00,0.0,6.4,N,NNE
2555,2026-05-12,17:00:00,0.0,3.2,E,E
2556,2026-05-12,17:15:00,0.0,0.0,,
2557,2026-05-12,17:30:00,0.0,3.2,NW,NW
2558,2026-05-12,17:45:00,0.0,1.6,WSW,NNW
2559,2026-05-12,18:00:00,0.0,6.4,N,NNW
2560,2026-05-12,18:15:00,0.0,3.2,NW,NW
2561,2026-05-12,18:30:00,1.6,8.0,NNW,NNW
2562,2026-05-12,18:45:00,1.6,8.0,NW,NNW
2566,2026-05-12,19:00:00,0.0,0.0,,
2567,2026-05-12,19:15:00,0.0,0.0,,
2568,2026-05-12,19:30:00,0.0,0.0,,
2569,2026-05-12,19:45:00,0.0,1.6,ESE,ESE
2570,2026-05-12,20:00:00,0.0,0.0,,
2571,2026-05-12,20:15:00,0.0,3.2,NE,NNE
2572,2026-05-12,20:30:00,0.0,0.0,,
2573,2026-05-12,20:45:00,0.0,1.6,N,N
2574,2026-05-12,21:00:00,0.0,0.0,,
2575,2026-05-12,21:15:00,0.0,0.0,,
2576,2026-05-12,21:30:00,0.0,0.0,,
2577,2026-05-12,21:45:00,0.0,0.0,,
2578,2026-05-12,22:00:00,0.0,0.0,,
2579,2026-05-12,22:15:00,0.0,0.0,,
2580,2026-05-12,22:30:00,0.0,1.6,NNE,W
2581,2026-05-12,22:45:00,0.0,0.0,,
2582,2026-05-12,23:00:00,0.0,0.0,,
2583,2026-05-12,23:15:00,0.0,0.0,,
2584,2026-05-12,23:30:00,0.0,0.0,,
2585,2026-05-12,23:45:00,0.0,0.0,,
2586,2026-05-13,00:15:00,0.0,0.0,,
2587,2026-05-13,00:30:00,0.0,0.0,,
2588,2026-05-13,00:45:00,0.0,0.0,,
2589,2026-05-13,01:00:00,0.0,0.0,,
2590,2026-05-13,01:15:00,0.0,0.0,,
2591,2026-05-13,01:30:00,0.0,0.0,,
2592,2026-05-13,01:45:00,0.0,0.0,,
2593,2026-05-13,02:00:00,0.0,0.0,,
2594,2026-05-13,02:15:00,0.0,0.0,,
2595,2026-05-13,02:30:00,0.0,0.0,,
2596,2026-05-13,02:45:00,0.0,0.0,,
2597,2026-05-13,03:00:00,0.0,0.0,,
2598,2026-05-13,03:15:00,0.0,0.0,,
2599,2026-05-13,03:30:00,0.0,0.0,,
2600,2026-05-13,03:45:00,0.0,0.0,,
2601,2026-05-13,04:00:00,0.0,0.0,,
2602,2026-05-13,04:15:00,0.0,0.0,,
2603,2026-05-13,04:30:00,0.0,0.0,,
2604,2026-05-13,04:45:00,0.0,0.0,,
2605,2026-05-13,05:00:00,0.0,0.0,,
2606,2026-05-13,05:15:00,0.0,0.0,,
2607,2026-05-13,05:30:00,0.0,0.0,,
2608,2026-05-13,05:45:00,0.0,0.0,,
2609,2026-05-13,06:00:00,0.0,0.0,,
2610,2026-05-13,06:15:00,0.0,0.0,,
2611,2026-05-13,06:30:00,0.0,0.0,,
2612,2026-05-13,06:45:00,0.0,1.6,W,W
2613,2026-05-13,07:00:00,0.0,1.6,NNE,NNE
2614,2026-05-13,07:15:00,0.0,1.6,NE,NE
2615,2026-05-13,07:30:00,0.0,0.0,,
2616,2026-05-13,07:45:00,0.0,0.0,,
2617,2026-05-13,08:00:00,0.0,3.2,NNW,NNW
2618,2026-05-13,08:15:00,0.0,4.8,NE,NE
2619,2026-05-13,08:30:00,1.6,4.8,W,NW
2620,2026-05-13,08:45:00,0.0,6.4,NNW,N
2621,2026-05-13,09:00:00,0.0,1.6,NE,ENE
2622,2026-05-13,09:15:00,0.0,0.0,,
2623,2026-05-13,09:30:00,0.0,3.2,SE,SE
2624,2026-05-13,09:45:00,0.0,4.8,NE,NNE
2625,2026-05-13,10:00:00,1.6,6.4,N,NNW
2626,2026-05-13,10:15:00,1.6,8.0,NW,NE
2627,2026-05-13,10:30:00,1.6,8.0,NNE,NNE
2628,2026-05-13,10:45:00,1.6,8.0,NW,NW
2629,2026-05-13,11:00:00,1.6,8.0,N,NNE
2630,2026-05-13,11:15:00,3.2,9.7,NW,NNW
2631,2026-05-13,11:30:00,1.6,8.0,WSW,NNE
2632,2026-05-13,11:45:00,3.2,12.9,NNW,NW
2633,2026-05-13,12:00:00,1.6,9.7,NW,WNW
2634,2026-05-13,12:15:00,1.6,11.3,NW,WNW
2635,2026-05-13,12:30:00,1.6,8.0,NE,NW
2636,2026-05-13,12:45:00,1.6,9.7,NNE,NE
2637,2026-05-13,13:00:00,1.6,8.0,N,SSE
2638,2026-05-13,13:15:00,0.0,1.6,SSE,SE
2639,2026-05-13,13:30:00,1.6,11.3,NNE,NE
2640,2026-05-13,13:45:00,0.0,4.8,N,N
2641,2026-05-13,14:00:00,0.0,6.4,N,NE
2642,2026-05-13,14:15:00,1.6,12.9,NNW,NW
2643,2026-05-13,14:30:00,1.6,12.9,N,NNE
2644,2026-05-13,14:45:00,4.8,17.7,WNW,NW
2645,2026-05-13,15:00:00,4.8,19.3,N,NNE
2646,2026-05-13,15:15:00,3.2,14.5,NW,NE
2647,2026-05-13,15:30:00,4.8,19.3,NW,NNW
2648,2026-05-13,15:45:00,3.2,17.7,NW,NNE
2649,2026-05-13,16:00:00,3.2,14.5,N,NE
2650,2026-05-13,16:15:00,1.6,12.9,N,NNE
2651,2026-05-13,16:30:00,1.6,11.3,NNW,NE
2652,2026-05-13,16:45:00,1.6,12.9,NNW,NE
2653,2026-05-13,17:00:00,3.2,12.9,NW,NNW
2654,2026-05-13,17:15:00,1.6,9.7,NW,NNE
2655,2026-05-13,17:30:00,0.0,1.6,NNE,NNE
2656,2026-05-13,17:45:00,0.0,4.8,N,NE
2657,2026-05-13,18:00:00,1.6,12.9,NNE,NE
2658,2026-05-13,18:15:00,1.6,11.3,N,NNE
2659,2026-05-13,18:30:00,1.6,12.9,N,NNW
2660,2026-05-13,18:45:00,1.6,4.8,NNE,NE
2661,2026-05-13,19:00:00,1.6,6.4,NNE,NE
2662,2026-05-13,19:15:00,0.0,8.0,N,NNW
2663,2026-05-13,19:30:00,3.2,9.7,WNW,NW
2664,2026-05-13,19:45:00,0.0,4.8,WNW,NE
2665,2026-05-13,20:00:00,0.0,4.8,NW,NNW
2666,2026-05-13,20:15:00,0.0,3.2,W,NW
2667,2026-05-13,20:30:00,0.0,4.8,WNW,NNW
2668,2026-05-13,20:45:00,0.0,6.4,WSW,NW
2669,2026-05-13,21:00:00,1.6,8.0,NW,NW
2670,2026-05-13,21:15:00,1.6,9.7,N,NNW
2671,2026-05-13,21:30:00,0.0,4.8,WNW,WNW
2672,2026-05-13,21:45:00,1.6,9.7,NW,WNW
2673,2026-05-13,22:00:00,0.0,4.8,W,NW
2674,2026-05-13,22:15:00,1.6,8.0,WNW,WNW
2675,2026-05-13,22:30:00,0.0,6.4,WSW,WNW
2676,2026-05-13,22:45:00,0.0,6.4,W,WNW
2677,2026-05-13,23:00:00,0.0,1.6,NNE,WNW
2678,2026-05-13,23:15:00,0.0,1.6,WNW,WNW
2679,2026-05-13,23:30:00,0.0,0.0,,
2680,2026-05-13,23:45:00,0.0,0.0,,
2681,2026-05-14,00:15:00,0.0,0.0,,
2682,2026-05-14,00:30:00,0.0,0.0,,
2683,2026-05-14,00:45:00,0.0,1.6,W,W
2684,2026-05-14,01:00:00,0.0,1.6,WSW,
2685,2026-05-14,01:15:00,0.0,1.6,W,W
2686,2026-05-14,01:30:00,0.0,3.2,WNW,E
2687,2026-05-14,01:45:00,0.0,4.8,W,NW
2688,2026-05-14,02:00:00,0.0,3.2,NW,WNW
2689,2026-05-14,02:15:00,0.0,4.8,WNW,NW
2690,2026-05-14,02:30:00,0.0,3.2,WNW,WNW
2691,2026-05-14,02:45:00,0.0,1.6,WNW,WNW
2692,2026-05-14,03:00:00,0.0,0.0,,
2693,2026-05-14,03:15:00,0.0,0.0,,
2694,2026-05-14,03:30:00,0.0,0.0,,
2695,2026-05-14,03:45:00,0.0,0.0,,
2696,2026-05-14,04:00:00,0.0,0.0,,
2697,2026-05-14,04:15:00,0.0,0.0,,
2698,2026-05-14,04:30:00,0.0,0.0,,
2699,2026-05-14,04:45:00,0.0,0.0,,
2700,2026-05-14,05:00:00,0.0,0.0,,
2701,2026-05-14,05:15:00,0.0,0.0,,
2702,2026-05-14,05:30:00,0.0,0.0,,
2703,2026-05-14,05:45:00,0.0,0.0,,
2704,2026-05-14,06:00:00,0.0,0.0,,
2705,2026-05-14,06:15:00,0.0,0.0,,
2706,2026-05-14,06:30:00,0.0,0.0,,
2707,2026-05-14,06:45:00,0.0,1.6,SE,SE
2708,2026-05-14,07:00:00,0.0,3.2,SE,S
2709,2026-05-14,07:15:00,0.0,3.2,ESE,ESE
2710,2026-05-14,07:30:00,0.0,4.8,NNW,NNW
2711,2026-05-14,07:45:00,0.0,1.6,NNE,NNE
2712,2026-05-14,08:00:00,0.0,4.8,SE,SE
2713,2026-05-14,08:15:00,0.0,6.4,W,NNW
2714,2026-05-14,08:30:00,0.0,3.2,NNE,NE
2715,2026-05-14,08:45:00,0.0,6.4,N,NE
2716,2026-05-14,09:00:00,0.0,6.4,NNE,NE
2717,2026-05-14,09:15:00,1.6,6.4,NE,SE
2718,2026-05-14,09:30:00,1.6,6.4,WNW,WNW
2719,2026-05-14,09:45:00,0.0,3.2,S,SSE
2720,2026-05-14,10:00:00,0.0,6.4,WSW,SE
2721,2026-05-14,10:15:00,0.0,6.4,SW,ESE
2722,2026-05-14,10:30:00,1.6,8.0,SSE,SE
2723,2026-05-14,10:45:00,3.2,9.7,NNE,NE
2724,2026-05-14,11:00:00,4.8,14.5,N,NW
2725,2026-05-14,11:15:00,4.8,11.3,WNW,NNW
2726,2026-05-14,11:30:00,4.8,12.9,NNW,NE
2727,2026-05-14,11:45:00,4.8,16.1,WNW,NW
2728,2026-05-14,12:00:00,3.2,19.3,NNW,NE
2729,2026-05-14,12:15:00,4.8,19.3,N,NE
2730,2026-05-14,12:30:00,4.8,14.5,NNW,NW
2731,2026-05-14,12:45:00,4.8,19.3,WNW,WNW
2732,2026-05-14,13:00:00,4.8,16.1,W,WNW
2733,2026-05-14,13:15:00,6.4,22.5,N,NW
2734,2026-05-14,13:30:00,3.2,16.1,NW,NNW
2735,2026-05-14,13:45:00,3.2,12.9,NNW,NE
2736,2026-05-14,14:00:00,4.8,14.5,ENE,NW
2737,2026-05-14,14:15:00,8.0,17.7,WNW,NW
2738,2026-05-14,14:30:00,3.2,9.7,N,NNE
2739,2026-05-14,14:45:00,4.8,19.3,NNW,NW
2740,2026-05-14,15:00:00,3.2,12.9,NW,NNW
2741,2026-05-14,15:15:00,4.8,16.1,WSW,NW
2742,2026-05-14,15:30:00,6.4,22.5,NW,NW
2743,2026-05-14,15:45:00,4.8,14.5,NW,NNW
2744,2026-05-14,16:00:00,6.4,17.7,N,NNW
2745,2026-05-14,16:15:00,6.4,22.5,NW,NNW
2746,2026-05-14,16:30:00,6.4,20.9,N,NW
2747,2026-05-14,16:45:00,4.8,12.9,NNW,NNW
2748,2026-05-14,17:00:00,4.8,17.7,WNW,NNW
2749,2026-05-14,17:15:00,4.8,17.7,NNE,NW
2750,2026-05-14,17:30:00,3.2,11.3,NW,NNE
2751,2026-05-14,17:45:00,1.6,11.3,NW,NW
2752,2026-05-14,18:00:00,3.2,11.3,NNW,NNW
2753,2026-05-14,18:15:00,1.6,11.3,NW,NNW
2754,2026-05-14,18:30:00,1.6,9.7,NNW,NNW
2755,2026-05-14,18:45:00,3.2,14.5,WNW,NNW
2756,2026-05-14,19:00:00,0.0,6.4,WNW,NW
2757,2026-05-14,19:15:00,0.0,6.4,NW,NNW
2758,2026-05-14,19:30:00,1.6,6.4,NW,NNW
2759,2026-05-14,19:45:00,1.6,6.4,WNW,NNW
2760,2026-05-14,20:00:00,1.6,6.4,NNW,NNW
2761,2026-05-14,20:15:00,0.0,6.4,NNW,NNW
2762,2026-05-14,20:30:00,0.0,0.0,,
2763,2026-05-14,20:45:00,0.0,1.6,ENE,N
2764,2026-05-14,21:00:00,0.0,3.2,NW,NNW
2765,2026-05-14,21:15:00,0.0,4.8,NNE,NNW
2766,2026-05-14,21:30:00,0.0,6.4,NW,NW
2767,2026-05-14,21:45:00,0.0,1.6,W,WNW
2768,2026-05-14,22:00:00,0.0,1.6,N,N
2769,2026-05-14,22:15:00,0.0,1.6,NNW,NNW
2770,2026-05-14,22:30:00,0.0,0.0,,
2771,2026-05-14,22:45:00,0.0,0.0,,
2772,2026-05-14,23:00:00,0.0,0.0,,
2773,2026-05-14,23:15:00,0.0,0.0,,
2774,2026-05-14,23:30:00,0.0,0.0,,
2775,2026-05-14,23:45:00,0.0,0.0,,
2776,2026-05-15,00:15:00,0.0,0.0,,
2777,2026-05-15,00:30:00,0.0,0.0,,
2778,2026-05-15,00:45:00,0.0,0.0,,
2779,2026-05-15,01:00:00,0.0,0.0,,
2780,2026-05-15,01:15:00,0.0,0.0,,
2781,2026-05-15,01:30:00,0.0,0.0,,
2782,2026-05-15,01:45:00,0.0,0.0,,
2783,2026-05-15,02:00:00,0.0,0.0,,
2784,2026-05-15,02:15:00,0.0,0.0,,
2785,2026-05-15,02:30:00,0.0,0.0,,
2786,2026-05-15,02:45:00,0.0,0.0,,
2787,2026-05-15,03:00:00,0.0,0.0,,
2788,2026-05-15,03:15:00,0.0,0.0,,
2789,2026-05-15,03:30:00,0.0,0.0,,
2790,2026-05-15,03:45:00,0.0,0.0,,
2791,2026-05-15,04:00:00,0.0,0.0,,
2792,2026-05-15,04:15:00,0.0,0.0,,
2793,2026-05-15,04:30:00,0.0,0.0,,
2794,2026-05-15,04:45:00,0.0,0.0,,
2795,2026-05-15,05:00:00,0.0,0.0,,
2796,2026-05-15,05:15:00,0.0,0.0,,
2797,2026-05-15,05:30:00,0.0,0.0,,
2798,2026-05-15,05:45:00,0.0,0.0,,
2799,2026-05-15,06:00:00,0.0,0.0,,
2800,2026-05-15,06:15:00,0.0,0.0,,
2801,2026-05-15,06:30:00,0.0,0.0,,
2802,2026-05-15,06:45:00,0.0,1.6,ESE,ESE
2803,2026-05-15,07:00:00,0.0,0.0,,
2804,2026-05-15,07:15:00,0.0,3.2,E,ESE
2805,2026-05-15,07:30:00,0.0,4.8,SE,ESE
2806,2026-05-15,07:45:00,0.0,4.8,SE,SE
2807,2026-05-15,08:00:00,0.0,4.8,SSE,SE
2808,2026-05-15,08:15:00,0.0,3.2,N,N
2809,2026-05-15,08:30:00,0.0,3.2,NE,NE
2810,2026-05-15,08:45:00,0.0,4.8,NE,SE
2811,2026-05-15,09:00:00,1.6,6.4,SSE,SSE
2812,2026-05-15,09:15:00,1.6,4.8,SSE,SSE
2813,2026-05-15,09:30:00,0.0,4.8,SSW,SSE
2814,2026-05-15,09:45:00,0.0,4.8,SE,SSE
2815,2026-05-15,10:00:00,1.6,8.0,WSW,ENE
2816,2026-05-15,10:15:00,3.2,9.7,WNW,SE
2817,2026-05-15,10:30:00,3.2,9.7,NNW,NW
2818,2026-05-15,10:45:00,3.2,12.9,N,NW
2819,2026-05-15,11:00:00,4.8,12.9,NNW,NNW
2820,2026-05-15,11:15:00,4.8,12.9,NW,NW
2821,2026-05-15,11:30:00,3.2,9.7,NNE,NNE
2822,2026-05-15,11:45:00,3.2,16.1,NNW,NW
2823,2026-05-15,12:00:00,3.2,11.3,ENE,NW
2824,2026-05-15,12:15:00,3.2,11.3,WNW,NNE
2825,2026-05-15,12:30:00,3.2,12.9,NW,NE
2826,2026-05-15,12:45:00,1.6,9.7,SSE,NNW
2827,2026-05-15,13:00:00,3.2,11.3,WNW,NNW
2828,2026-05-15,13:15:00,3.2,12.9,W,NW
2829,2026-05-15,13:30:00,3.2,16.1,WNW,NW
2830,2026-05-15,13:45:00,3.2,11.3,NNW,WNW
2831,2026-05-15,14:00:00,1.6,12.9,N,N
2832,2026-05-15,14:15:00,1.6,12.9,NNE,NNE
2833,2026-05-15,14:30:00,4.8,17.7,NW,NW
2834,2026-05-15,14:45:00,3.2,17.7,NW,NW
2835,2026-05-15,15:00:00,6.4,19.3,NNW,NNW
2836,2026-05-15,15:15:00,4.8,14.5,NW,NNW
2837,2026-05-15,15:30:00,1.6,9.7,NNW,NNW
2838,2026-05-15,15:45:00,3.2,14.5,NNW,NNW
2839,2026-05-15,16:00:00,3.2,14.5,N,NNW
2840,2026-05-15,16:15:00,1.6,9.7,N,NNW
2841,2026-05-15,16:30:00,3.2,14.5,NW,NW
2842,2026-05-15,16:45:00,1.6,8.0,W,NNW
2843,2026-05-15,17:00:00,1.6,12.9,W,NNW
2844,2026-05-15,17:15:00,1.6,9.7,WNW,NW
2845,2026-05-15,17:30:00,0.0,8.0,NW,NNW
2846,2026-05-15,17:45:00,0.0,3.2,NNW,NNW
2847,2026-05-15,18:00:00,1.6,9.7,NE,NE
2848,2026-05-15,18:15:00,1.6,8.0,WNW,NE
2849,2026-05-15,18:30:00,0.0,4.8,NE,NNW
2850,2026-05-15,18:45:00,0.0,8.0,N,NNW
2851,2026-05-15,19:00:00,0.0,9.7,NE,NE
2852,2026-05-15,19:15:00,0.0,11.3,NNE,NE
2853,2026-05-15,19:30:00,1.6,11.3,N,NNE
2854,2026-05-15,19:45:00,0.0,6.4,NNE,NE
2855,2026-05-15,20:00:00,0.0,11.3,NNE,NE
2856,2026-05-15,20:15:00,0.0,0.0,,
2857,2026-05-15,20:30:00,0.0,0.0,,
2858,2026-05-15,20:45:00,0.0,3.2,NNE,NNE
2859,2026-05-15,21:00:00,0.0,3.2,N,N
2860,2026-05-15,21:15:00,0.0,3.2,NNW,NNW
2861,2026-05-15,21:30:00,0.0,1.6,NE,NE
2862,2026-05-15,21:45:00,0.0,0.0,,
2863,2026-05-15,22:00:00,0.0,0.0,,
2864,2026-05-15,22:15:00,0.0,0.0,,
2865,2026-05-15,22:30:00,0.0,0.0,,
2866,2026-05-15,22:45:00,0.0,0.0,,
2867,2026-05-15,23:00:00,0.0,0.0,,
2868,2026-05-15,23:15:00,0.0,0.0,,
2869,2026-05-15,23:30:00,0.0,0.0,,
2870,2026-05-15,23:45:00,0.0,0.0,,
2871,2026-05-16,00:15:00,0.0,0.0,,
2872,2026-05-16,00:30:00,0.0,0.0,,
2873,2026-05-16,00:45:00,0.0,0.0,,
2874,2026-05-16,01:00:00,0.0,0.0,,
2875,2026-05-16,01:15:00,0.0,0.0,,
2876,2026-05-16,01:30:00,0.0,0.0,,
2877,2026-05-16,01:45:00,0.0,0.0,,
2878,2026-05-16,02:00:00,0.0,0.0,,
2879,2026-05-16,02:15:00,0.0,0.0,,
2880,2026-05-16,02:30:00,0.0,0.0,,
2881,2026-05-16,02:45:00,0.0,0.0,,
2882,2026-05-16,03:00:00,0.0,0.0,,
2883,2026-05-16,03:15:00,0.0,0.0,,
2884,2026-05-16,03:30:00,0.0,0.0,,
2885,2026-05-16,03:45:00,0.0,0.0,,
2886,2026-05-16,04:00:00,0.0,0.0,,
2887,2026-05-16,04:15:00,0.0,0.0,,
2888,2026-05-16,04:30:00,0.0,0.0,,
2889,2026-05-16,04:45:00,0.0,0.0,,
2890,2026-05-16,05:00:00,0.0,0.0,,
2891,2026-05-16,05:15:00,0.0,0.0,,
2892,2026-05-16,05:30:00,0.0,0.0,,
2893,2026-05-16,05:45:00,0.0,0.0,,
2894,2026-05-16,06:00:00,0.0,0.0,,
2895,2026-05-16,06:15:00,0.0,0.0,,
2896,2026-05-16,06:30:00,0.0,0.0,,
2897,2026-05-16,06:45:00,0.0,0.0,,
2898,2026-05-16,07:00:00,0.0,0.0,,
2899,2026-05-16,07:15:00,0.0,1.6,E,SE
2900,2026-05-16,07:30:00,0.0,3.2,SE,SE
2901,2026-05-16,07:45:00,0.0,3.2,NNW,NNW
2902,2026-05-16,08:00:00,0.0,3.2,WNW,WNW
2903,2026-05-16,08:15:00,0.0,3.2,N,W
2904,2026-05-16,08:30:00,0.0,4.8,WNW,WNW
2905,2026-05-16,08:45:00,0.0,3.2,SE,SE
2906,2026-05-16,09:00:00,0.0,4.8,SSE,S
2907,2026-05-16,09:15:00,1.6,6.4,NNE,SSE
2908,2026-05-16,09:30:00,0.0,8.0,SSE,SSE
2909,2026-05-16,09:45:00,0.0,6.4,SSE,SSE
2910,2026-05-16,10:00:00,0.0,4.8,NE,SSE
2911,2026-05-16,10:15:00,1.6,8.0,SSE,NE
2912,2026-05-16,10:30:00,1.6,9.7,WNW,NE
2913,2026-05-16,10:45:00,1.6,9.7,WNW,NNW
2914,2026-05-16,11:00:00,1.6,9.7,WNW,SSE
2915,2026-05-16,11:15:00,3.2,9.7,NW,NW
2916,2026-05-16,11:30:00,1.6,8.0,NW,NW
2917,2026-05-16,11:45:00,3.2,9.7,SSE,SSE
2918,2026-05-16,12:00:00,1.6,6.4,SSE,SSE
2919,2026-05-16,12:15:00,3.2,8.0,SSW,SSE
2920,2026-05-16,12:30:00,1.6,12.9,SSW,SE
2921,2026-05-16,12:45:00,3.2,9.7,SSE,SSE
2922,2026-05-16,13:00:00,0.0,6.4,ENE,WNW
2923,2026-05-16,13:15:00,1.6,11.3,N,NNE
2924,2026-05-16,13:30:00,0.0,6.4,S,SSE
2925,2026-05-16,13:45:00,0.0,6.4,NE,NE
2926,2026-05-16,14:00:00,1.6,12.9,ENE,NNE
2927,2026-05-16,14:15:00,0.0,4.8,NNE,NNE
2928,2026-05-16,14:30:00,0.0,0.0,,
2929,2026-05-16,14:45:00,0.0,0.0,,
2930,2026-05-16,15:00:00,0.0,8.0,NE,N
2931,2026-05-16,15:15:00,0.0,4.8,SW,S
2932,2026-05-16,15:30:00,1.6,9.7,NNW,NW
2933,2026-05-16,15:45:00,0.0,4.8,SW,N
2934,2026-05-16,16:00:00,0.0,6.4,W,NW
2935,2026-05-16,16:15:00,1.6,6.4,NNW,NNW
2936,2026-05-16,16:30:00,1.6,8.0,NNE,NNW
2937,2026-05-16,16:45:00,1.6,9.7,WNW,NNW
2938,2026-05-16,17:00:00,1.6,9.7,NNW,NNW
2939,2026-05-16,17:15:00,3.2,9.7,WNW,NNW
2940,2026-05-16,17:30:00,4.8,16.1,SW,NW
2941,2026-05-16,17:45:00,4.8,14.5,NW,NNW
2942,2026-05-16,18:00:00,3.2,16.1,NNW,NW
2943,2026-05-16,18:15:00,1.6,14.5,ENE,NNE
2944,2026-05-16,18:30:00,6.4,20.9,NNE,NNE
2945,2026-05-16,18:45:00,0.0,6.4,N,NNE
2946,2026-05-16,19:00:00,1.6,14.5,NNE,NNW
2947,2026-05-16,19:15:00,3.2,12.9,NW,NNW
2948,2026-05-16,19:30:00,1.6,11.3,N,NNW
2949,2026-05-16,19:45:00,1.6,9.7,N,NW
2950,2026-05-16,20:00:00,0.0,3.2,NNW,NNW
2951,2026-05-16,20:15:00,0.0,4.8,NW,NW
2952,2026-05-16,20:30:00,0.0,1.6,N,N
2953,2026-05-16,20:45:00,0.0,8.0,W,NW
2954,2026-05-16,21:00:00,1.6,8.0,WNW,WNW
2955,2026-05-16,21:15:00,0.0,6.4,W,NW
2956,2026-05-16,21:30:00,1.6,8.0,NW,NNW
2957,2026-05-16,21:45:00,0.0,4.8,WSW,WNW
2958,2026-05-16,22:00:00,0.0,0.0,,
2959,2026-05-16,22:15:00,0.0,0.0,,
2960,2026-05-16,22:30:00,0.0,0.0,,
2961,2026-05-16,22:45:00,0.0,0.0,,
2962,2026-05-16,23:00:00,0.0,0.0,,
2963,2026-05-16,23:15:00,0.0,0.0,,
2964,2026-05-16,23:30:00,0.0,0.0,,
2965,2026-05-16,23:45:00,0.0,0.0,,
2966,2026-05-17,00:15:00,0.0,0.0,,
2967,2026-05-17,00:30:00,0.0,0.0,,
2968,2026-05-17,00:45:00,0.0,0.0,,
2969,2026-05-17,01:00:00,0.0,0.0,,
2970,2026-05-17,01:15:00,0.0,0.0,,
2971,2026-05-17,01:30:00,0.0,0.0,,
2972,2026-05-17,01:45:00,0.0,0.0,,
2973,2026-05-17,02:00:00,0.0,0.0,,
2974,2026-05-17,02:15:00,0.0,0.0,,
2975,2026-05-17,02:30:00,0.0,0.0,,
2976,2026-05-17,02:45:00,0.0,0.0,,
2977,2026-05-17,03:00:00,0.0,0.0,,
2978,2026-05-17,03:15:00,0.0,0.0,,
2979,2026-05-17,03:30:00,0.0,0.0,,
2980,2026-05-17,03:45:00,0.0,0.0,,
2981,2026-05-17,04:00:00,0.0,0.0,,
2982,2026-05-17,04:15:00,0.0,0.0,,
2983,2026-05-17,04:30:00,0.0,0.0,,
2984,2026-05-17,04:45:00,0.0,0.0,,
2985,2026-05-17,05:00:00,0.0,0.0,,
2986,2026-05-17,05:15:00,0.0,0.0,,
2987,2026-05-17,05:30:00,0.0,0.0,,
2988,2026-05-17,05:45:00,0.0,0.0,,
2989,2026-05-17,06:00:00,0.0,0.0,,
2990,2026-05-17,06:15:00,0.0,0.0,,
2991,2026-05-17,06:30:00,0.0,0.0,,
2992,2026-05-17,06:45:00,0.0,1.6,SE,SE
2993,2026-05-17,07:00:00,0.0,1.6,NE,NE
2994,2026-05-17,07:15:00,0.0,1.6,ESE,SE
2995,2026-05-17,07:30:00,0.0,1.6,ESE,SE
2996,2026-05-17,07:45:00,0.0,3.2,SE,SE
2997,2026-05-17,08:00:00,0.0,1.6,NNW,NNW
2998,2026-05-17,08:15:00,0.0,3.2,NW,NW
2999,2026-05-17,08:30:00,1.6,11.3,N,NW
3000,2026-05-17,08:45:00,0.0,4.8,SE,SSE
3001,2026-05-17,09:00:00,1.6,8.0,NNE,NNE
3002,2026-05-17,09:15:00,0.0,4.8,NNE,NE
3003,2026-05-17,09:30:00,0.0,4.8,N,N
3004,2026-05-17,09:45:00,1.6,9.7,NNW,NE
3005,2026-05-17,10:00:00,1.6,8.0,W,WNW
3006,2026-05-17,10:15:00,0.0,4.8,SSE,SSE
3007,2026-05-17,10:30:00,1.6,6.4,WNW,NE
3008,2026-05-17,10:45:00,1.6,8.0,NW,NW
3009,2026-05-17,11:00:00,1.6,9.7,NW,WNW
3010,2026-05-17,11:15:00,0.0,6.4,SE,ENE
3011,2026-05-17,11:30:00,1.6,6.4,SSE,SSE
3012,2026-05-17,11:45:00,0.0,6.4,NNE,NNE
3013,2026-05-17,12:00:00,1.6,12.9,N,NNE
3014,2026-05-17,12:15:00,1.6,8.0,SE,SSE
3015,2026-05-17,12:30:00,1.6,8.0,SSE,S
3016,2026-05-17,12:45:00,1.6,11.3,N,NE
3017,2026-05-17,13:00:00,1.6,6.4,NW,SSE
3018,2026-05-17,13:15:00,1.6,9.7,NNE,NNE
3019,2026-05-17,13:30:00,1.6,6.4,SSE,SSE
3020,2026-05-17,13:45:00,1.6,11.3,SE,SSE
3021,2026-05-17,14:00:00,0.0,3.2,SSE,SSE
3022,2026-05-17,14:15:00,4.8,22.5,SSE,SSE
3023,2026-05-17,14:30:00,6.4,22.5,SSE,S
3024,2026-05-17,14:45:00,1.6,6.4,SSE,SSE
3025,2026-05-17,15:00:00,0.0,0.0,,
3026,2026-05-17,15:15:00,0.0,1.6,ENE,NNE
3027,2026-05-17,15:30:00,0.0,0.0,,
3028,2026-05-17,15:45:00,0.0,0.0,,
3029,2026-05-17,16:00:00,0.0,1.6,N,N
3030,2026-05-17,16:15:00,0.0,0.0,,
3031,2026-05-17,16:30:00,0.0,0.0,,
3032,2026-05-17,16:45:00,0.0,0.0,,
3033,2026-05-17,17:00:00,0.0,1.6,NNW,NNW
3034,2026-05-17,17:15:00,0.0,9.7,WSW,NW
3035,2026-05-17,17:30:00,6.4,20.9,NNW,NW
3036,2026-05-17,17:45:00,4.8,20.9,NNW,NNW
3037,2026-05-17,18:00:00,0.0,6.4,NW,NNW
3038,2026-05-17,18:15:00,0.0,3.2,N,N
3039,2026-05-17,18:30:00,0.0,3.2,NNE,NNE
3040,2026-05-17,18:45:00,1.6,12.9,NNE,NNE
3041,2026-05-17,19:00:00,1.6,12.9,E,NNE
3042,2026-05-17,19:15:00,1.6,8.0,ESE,NE
3043,2026-05-17,19:30:00,1.6,14.5,NNE,NNE
3044,2026-05-17,19:45:00,1.6,9.7,N,NNE
3045,2026-05-17,20:00:00,0.0,4.8,ENE,NE
3046,2026-05-17,20:15:00,0.0,4.8,NNE,NE
3047,2026-05-17,20:30:00,0.0,4.8,NNE,NE
3048,2026-05-17,20:45:00,0.0,6.4,N,NNE
3049,2026-05-17,21:00:00,0.0,0.0,,
3050,2026-05-17,21:15:00,0.0,0.0,,
3051,2026-05-17,21:30:00,0.0,0.0,,
3052,2026-05-17,21:45:00,0.0,0.0,,
3053,2026-05-17,22:00:00,0.0,0.0,,
3054,2026-05-17,22:15:00,0.0,0.0,,
3055,2026-05-17,22:30:00,0.0,0.0,,
3056,2026-05-17,22:45:00,0.0,0.0,,
3057,2026-05-17,23:00:00,0.0,0.0,,
3058,2026-05-17,23:15:00,0.0,0.0,,
3059,2026-05-17,23:30:00,0.0,0.0,,
3060,2026-05-17,23:45:00,0.0,0.0,,
3061,2026-05-18,00:15:00,0.0,0.0,,
3062,2026-05-18,00:30:00,0.0,0.0,,
3063,2026-05-18,00:45:00,0.0,0.0,,
3064,2026-05-18,01:00:00,0.0,0.0,,
3065,2026-05-18,01:15:00,0.0,0.0,,
3066,2026-05-18,01:30:00,0.0,0.0,,
3067,2026-05-18,01:45:00,0.0,0.0,,
3068,2026-05-18,02:00:00,0.0,0.0,,
3069,2026-05-18,02:15:00,0.0,0.0,,
3070,2026-05-18,02:30:00,0.0,0.0,,
3071,2026-05-18,02:45:00,0.0,0.0,,
3072,2026-05-18,03:00:00,0.0,0.0,,
3073,2026-05-18,03:15:00,0.0,0.0,,
3074,2026-05-18,03:30:00,0.0,0.0,,
3075,2026-05-18,03:45:00,0.0,0.0,,
3076,2026-05-18,04:00:00,0.0,0.0,,
3077,2026-05-18,04:15:00,0.0,0.0,,
3078,2026-05-18,04:30:00,0.0,0.0,,
3079,2026-05-18,04:45:00,0.0,0.0,,
3080,2026-05-18,05:00:00,0.0,0.0,,
3081,2026-05-18,05:15:00,0.0,0.0,,
3082,2026-05-18,05:30:00,0.0,0.0,,
3083,2026-05-18,05:45:00,0.0,0.0,,
3084,2026-05-18,06:00:00,0.0,0.0,,
3085,2026-05-18,06:15:00,0.0,0.0,,
3086,2026-05-18,06:30:00,0.0,0.0,,
3087,2026-05-18,06:45:00,0.0,0.0,,
3088,2026-05-18,07:00:00,0.0,1.6,E,E
3089,2026-05-18,07:15:00,0.0,4.8,E,SE
3090,2026-05-18,07:30:00,0.0,1.6,SSE,SSE
3091,2026-05-18,07:45:00,0.0,4.8,WSW,NW
3092,2026-05-18,08:00:00,0.0,3.2,NE,NE
3093,2026-05-18,08:15:00,0.0,4.8,WNW,WNW
3094,2026-05-18,08:30:00,0.0,3.2,WNW,W
3095,2026-05-18,08:45:00,0.0,4.8,SE,SE
3096,2026-05-18,09:00:00,0.0,1.6,ENE,ENE
3097,2026-05-18,09:15:00,0.0,4.8,NE,NE
3098,2026-05-18,09:30:00,0.0,8.0,NNE,NE
3099,2026-05-18,09:45:00,1.6,8.0,SE,SE
3100,2026-05-18,10:00:00,1.6,9.7,N,NW
3101,2026-05-18,10:15:00,1.6,11.3,N,SSE
3102,2026-05-18,10:30:00,1.6,8.0,NW,WNW
3103,2026-05-18,10:45:00,0.0,6.4,NNW,NNW
3104,2026-05-18,11:00:00,1.6,6.4,S,NNW
3105,2026-05-18,11:15:00,1.6,9.7,NNW,NNE
3106,2026-05-18,11:30:00,1.6,11.3,N,NNE
3107,2026-05-18,11:45:00,0.0,6.4,E,N
3108,2026-05-18,12:00:00,1.6,6.4,WNW,WNW
3109,2026-05-18,12:15:00,0.0,6.4,SSW,NNE
3110,2026-05-18,12:30:00,1.6,8.0,SSE,SSE
3111,2026-05-18,12:45:00,1.6,6.4,SSE,S
3112,2026-05-18,13:00:00,1.6,6.4,N,NE
3113,2026-05-18,13:15:00,1.6,8.0,NE,NNW
3114,2026-05-18,13:30:00,1.6,6.4,ENE,NNE
3115,2026-05-18,13:45:00,1.6,11.3,NNW,NNE
3116,2026-05-18,14:00:00,0.0,4.8,SSE,S
3117,2026-05-18,14:15:00,0.0,0.0,,
3118,2026-05-18,14:30:00,0.0,0.0,,
3119,2026-05-18,14:45:00,1.6,12.9,SSE,S
3120,2026-05-18,15:00:00,1.6,8.0,SSW,SSE
3121,2026-05-18,15:15:00,1.6,11.3,SE,SE
3122,2026-05-18,15:30:00,0.0,4.8,SE,SE
3123,2026-05-18,15:45:00,1.6,8.0,SSE,SSE
3124,2026-05-18,16:00:00,3.2,9.7,NNW,NNW
3125,2026-05-18,16:15:00,0.0,6.4,SW,NW
3126,2026-05-18,16:30:00,1.6,9.7,NW,NW
3127,2026-05-18,16:45:00,1.6,14.5,NNE,NE
3128,2026-05-18,17:00:00,0.0,3.2,NNE,NNE
3129,2026-05-18,17:15:00,0.0,1.6,NNE,NNE
3130,2026-05-18,17:30:00,0.0,1.6,NE,NW
3131,2026-05-18,17:45:00,0.0,1.6,N,N
3132,2026-05-18,18:00:00,0.0,6.4,NNE,NE
3133,2026-05-18,18:15:00,0.0,11.3,N,N
3134,2026-05-18,18:30:00,1.6,12.9,N,NE
3135,2026-05-18,18:45:00,0.0,8.0,NE,NNE
3136,2026-05-18,19:00:00,0.0,3.2,NW,NW
3137,2026-05-18,19:15:00,0.0,4.8,N,NE
3138,2026-05-18,19:30:00,0.0,6.4,NNW,NW
3139,2026-05-18,19:45:00,0.0,6.4,NW,NW
3140,2026-05-18,20:00:00,3.2,11.3,W,WNW
3141,2026-05-18,20:15:00,4.8,11.3,W,WNW
3142,2026-05-18,20:30:00,3.2,11.3,SW,NNW
3143,2026-05-18,20:45:00,0.0,4.8,NNW,NNW
3144,2026-05-18,21:00:00,0.0,4.8,NNW,NW
3145,2026-05-18,21:15:00,0.0,4.8,W,W
3146,2026-05-18,21:30:00,0.0,1.6,NW,NNW
3147,2026-05-18,21:45:00,0.0,6.4,NNW,ESE
3148,2026-05-18,22:00:00,0.0,6.4,WNW,WNW
3149,2026-05-18,22:15:00,0.0,4.8,ENE,WNW
3150,2026-05-18,22:30:00,0.0,1.6,W,W
3151,2026-05-18,22:45:00,0.0,1.6,WNW,SW
3152,2026-05-18,23:00:00,0.0,0.0,,
3153,2026-05-18,23:15:00,0.0,0.0,,
3154,2026-05-18,23:30:00,0.0,0.0,,
3155,2026-05-18,23:45:00,0.0,0.0,,
