id,fecha,hora,lluvia_mm,tasa_mm_hr
6772,2026-07-01,00:15:00,0.0,0.0
6773,2026-07-01,00:30:00,0.0,0.0
6774,2026-07-01,00:45:00,0.0,0.0
6775,2026-07-01,01:00:00,0.0,0.0
6776,2026-07-01,01:15:00,0.0,0.0
6777,2026-07-01,01:30:00,0.0,0.0
6778,2026-07-01,01:45:00,0.0,0.0
6779,2026-07-01,02:00:00,0.0,0.0
6780,2026-07-01,02:15:00,0.0,0.0
6781,2026-07-01,02:30:00,0.0,0.0
6782,2026-07-01,02:45:00,0.0,0.0
6783,2026-07-01,03:00:00,0.0,0.0
6784,2026-07-01,03:15:00,0.0,0.0
6785,2026-07-01,03:30:00,0.0,0.0
6786,2026-07-01,03:45:00,0.0,0.0
6787,2026-07-01,04:00:00,0.0,0.0
6788,2026-07-01,04:15:00,0.0,0.0
6789,2026-07-01,04:30:00,0.0,0.0
6790,2026-07-01,04:45:00,0.0,0.0
6791,2026-07-01,05:00:00,0.0,0.0
6792,2026-07-01,05:15:00,0.0,0.0
6793,2026-07-01,05:30:00,0.0,0.0
6794,2026-07-01,05:45:00,0.0,0.0
6795,2026-07-01,06:00:00,0.0,0.0
6796,2026-07-01,06:15:00,0.0,0.0
6797,2026-07-01,06:30:00,0.0,0.0
6798,2026-07-01,06:45:00,0.0,0.0
6799,2026-07-01,07:00:00,0.0,0.0
6800,2026-07-01,07:15:00,0.0,0.0
6801,2026-07-01,07:30:00,0.0,0.0
6802,2026-07-01,07:45:00,0.0,0.0
6803,2026-07-01,08:00:00,0.0,0.0
6804,2026-07-01,08:15:00,0.0,0.0
6805,2026-07-01,08:30:00,0.0,0.0
6806,2026-07-01,08:45:00,0.0,0.0
6807,2026-07-01,09:00:00,0.0,0.0
6808,2026-07-01,09:15:00,0.0,0.0
6809,2026-07-01,09:30:00,0.0,0.0
6810,2026-07-01,09:45:00,0.0,0.0
6811,2026-07-01,10:00:00,0.0,0.0
6812,2026-07-01,10:15:00,0.0,0.0
6813,2026-07-01,10:30:00,0.0,0.0
6814,2026-07-01,10:45:00,0.0,0.0
6815,2026-07-01,11:00:00,0.0,0.0
6816,2026-07-01,11:15:00,0.0,0.0
6817,2026-07-01,11:30:00,0.0,0.0
6818,2026-07-01,11:45:00,0.0,0.0
6819,2026-07-01,12:00:00,0.0,0.0
6820,2026-07-01,12:15:00,0.4,3.6
6821,2026-07-01,12:30:00,0.8,18.4
6822,2026-07-01,12:45:00,0.0,0.0
6823,2026-07-01,13:00:00,0.0,0.0
6824,2026-07-01,13:15:00,0.0,0.0
6825,2026-07-01,13:30:00,0.0,0.0
6826,2026-07-01,13:45:00,0.2,0.0
6827,2026-07-01,14:00:00,0.0,0.0
6828,2026-07-01,14:15:00,0.2,0.0
6829,2026-07-01,14:30:00,0.0,0.0
6830,2026-07-01,14:45:00,0.0,0.0
6831,2026-07-01,15:00:00,0.0,0.0
6832,2026-07-01,15:15:00,0.0,0.0
6833,2026-07-01,15:30:00,0.0,0.0
6834,2026-07-01,15:45:00,0.0,0.0
6835,2026-07-01,16:00:00,0.0,0.0
6836,2026-07-01,16:15:00,0.0,0.0
6837,2026-07-01,16:30:00,0.0,0.0
6838,2026-07-01,16:45:00,0.0,0.0
6839,2026-07-01,17:00:00,0.0,0.0
6840,2026-07-01,17:15:00,0.0,0.0
6841,2026-07-01,17:30:00,0.0,0.0
6842,2026-07-01,17:45:00,0.0,0.0
6843,2026-07-01,18:00:00,0.0,0.0
6844,2026-07-01,18:15:00,0.0,0.0
6845,2026-07-01,18:30:00,0.0,0.0
6846,2026-07-01,18:45:00,0.0,0.0
6847,2026-07-01,19:00:00,0.0,0.0
6848,2026-07-01,19:15:00,0.0,0.0
6849,2026-07-01,19:30:00,0.0,0.0
6850,2026-07-01,19:45:00,0.0,0.0
6851,2026-07-01,20:00:00,0.0,0.0
6852,2026-07-01,20:15:00,0.0,0.0
6853,2026-07-01,20:30:00,0.0,0.0
6854,2026-07-01,20:45:00,0.0,0.0
6855,2026-07-01,21:00:00,0.0,0.0
6856,2026-07-01,21:15:00,0.0,0.0
6857,2026-07-01,21:30:00,0.0,0.0
6858,2026-07-01,21:45:00,0.0,0.0
6859,2026-07-01,22:00:00,0.0,0.0
6860,2026-07-01,22:15:00,0.0,0.0
6861,2026-07-01,22:30:00,0.0,0.0
6862,2026-07-01,22:45:00,0.0,0.0
6863,2026-07-01,23:00:00,0.0,0.0
6864,2026-07-01,23:15:00,0.0,0.0
6865,2026-07-01,23:30:00,0.0,0.0
6866,2026-07-01,23:45:00,0.0,0.0
6867,2026-07-02,00:15:00,0.0,0.0
6868,2026-07-02,00:30:00,0.2,0.0
6869,2026-07-02,00:45:00,0.0,0.0
6870,2026-07-02,01:00:00,0.0,0.0
6871,2026-07-02,01:15:00,0.0,0.0
6872,2026-07-02,01:30:00,0.0,0.0
6873,2026-07-02,01:45:00,0.0,0.0
6874,2026-07-02,02:00:00,0.0,0.0
6875,2026-07-02,02:15:00,0.0,0.0
6876,2026-07-02,02:30:00,0.0,0.0
6877,2026-07-02,02:45:00,0.0,0.0
6878,2026-07-02,03:00:00,0.0,0.0
6879,2026-07-02,03:15:00,0.0,0.0
6880,2026-07-02,03:30:00,0.0,0.0
6881,2026-07-02,03:45:00,0.0,0.0
6882,2026-07-02,04:00:00,0.0,0.0
6883,2026-07-02,04:15:00,0.0,0.0
6884,2026-07-02,04:30:00,0.0,0.0
6885,2026-07-02,04:45:00,0.0,0.0
6886,2026-07-02,05:00:00,0.0,0.0
6887,2026-07-02,05:15:00,0.0,0.0
6888,2026-07-02,05:30:00,0.0,0.0
6889,2026-07-02,05:45:00,0.0,0.0
6890,2026-07-02,06:00:00,0.0,0.0
6891,2026-07-02,06:15:00,0.0,0.0
6892,2026-07-02,06:30:00,0.0,0.0
6893,2026-07-02,06:45:00,0.0,0.0
6894,2026-07-02,07:00:00,0.0,0.0
6895,2026-07-02,07:15:00,0.0,0.0
6896,2026-07-02,07:30:00,0.0,0.0
6897,2026-07-02,07:45:00,0.0,0.0
6898,2026-07-02,08:00:00,0.0,0.0
6899,2026-07-02,08:15:00,0.0,0.0
6900,2026-07-02,08:30:00,0.0,0.0
6901,2026-07-02,08:45:00,0.0,0.0
6902,2026-07-02,09:00:00,0.0,0.0
6903,2026-07-02,09:15:00,0.0,0.0
6904,2026-07-02,09:30:00,0.0,0.0
6905,2026-07-02,09:45:00,0.0,0.0
6906,2026-07-02,10:00:00,0.0,0.0
6907,2026-07-02,10:15:00,0.0,0.0
6908,2026-07-02,10:30:00,0.0,0.0
6909,2026-07-02,10:45:00,0.0,0.0
6910,2026-07-02,11:00:00,0.0,0.0
6911,2026-07-02,11:15:00,0.0,0.0
6912,2026-07-02,11:30:00,0.0,0.0
6913,2026-07-02,11:45:00,0.0,0.0
6914,2026-07-02,12:00:00,0.0,0.0
6915,2026-07-02,12:15:00,0.0,0.0
6916,2026-07-02,12:30:00,0.0,0.0
6917,2026-07-02,12:45:00,0.0,0.0
6918,2026-07-02,13:00:00,0.0,0.0
6919,2026-07-02,13:15:00,0.0,0.0
6920,2026-07-02,13:30:00,0.0,0.0
6921,2026-07-02,13:45:00,0.0,0.0
6922,2026-07-02,14:00:00,0.0,0.0
6923,2026-07-02,14:15:00,0.0,0.0
6924,2026-07-02,14:30:00,0.0,0.0
6925,2026-07-02,14:45:00,0.0,0.0
6926,2026-07-02,15:00:00,0.0,0.0
6927,2026-07-02,15:15:00,0.0,0.0
6928,2026-07-02,15:30:00,0.0,0.0
6929,2026-07-02,15:45:00,0.0,0.0
6930,2026-07-02,16:00:00,0.0,0.0
6931,2026-07-02,16:15:00,0.0,0.0
6932,2026-07-02,16:30:00,0.0,0.0
6933,2026-07-02,16:45:00,0.0,0.0
6934,2026-07-02,17:00:00,0.0,0.0
6935,2026-07-02,17:15:00,0.0,0.0
6936,2026-07-02,17:30:00,0.0,0.0
6937,2026-07-02,17:45:00,0.0,0.0
6938,2026-07-02,18:00:00,0.0,0.0
6939,2026-07-02,18:15:00,0.0,0.0
6940,2026-07-02,18:30:00,0.0,0.0
6941,2026-07-02,18:45:00,0.0,0.0
6942,2026-07-02,19:00:00,0.0,0.0
6943,2026-07-02,19:15:00,0.0,0.0
6944,2026-07-02,19:30:00,0.0,0.0
6945,2026-07-02,19:45:00,0.0,0.0
6946,2026-07-02,20:00:00,0.0,0.0
6947,2026-07-02,20:15:00,0.0,0.0
6948,2026-07-02,20:30:00,0.0,0.0
6949,2026-07-02,20:45:00,0.0,0.0
6950,2026-07-02,21:00:00,0.0,0.0
6951,2026-07-02,21:15:00,0.0,0.0
6952,2026-07-02,21:30:00,0.0,0.0
6953,2026-07-02,21:45:00,0.0,0.0
6954,2026-07-02,22:00:00,0.0,0.0
6955,2026-07-02,22:15:00,0.0,0.0
6956,2026-07-02,22:30:00,0.0,0.0
6957,2026-07-02,22:45:00,0.0,0.0
6958,2026-07-02,23:00:00,0.0,0.0
6959,2026-07-02,23:15:00,0.0,0.0
6960,2026-07-02,23:30:00,0.0,0.0
6961,2026-07-02,23:45:00,0.0,0.0
